,video,mos_list,subject_ids,content,codec,fr,res,bitrate
0,USOpen_AVC_HFR_720p_2200K_648,"[47, 66, 97, 78, 71, 62, 84, 56, 52, 52, 77, 99, 77, 96, 94, 61, 82, 88, 69, 58, 65, 96, 90, 76, 83, 55, 63, 62, 72, 72, 69]","['74', '61', '88', '63', '77', '76', '158', '66', '72', '73', '67', '159', '71', '64', '70', '157', '82', '69', '68', '83', '156', '154', '155', '151', '84', '85', '152', '87', '86', '153']",USOpen_648,AVC,HFR,720p,2200
1,TNFF_HEVC_SFR_540p_1100K_336,"[47, 39, 64, 47, 67, 40, 59, 47, 84, 16, 39, 60, 69, 85, 73, 64, 89, 54, 86, 67, 72, 64, 85, 72, 72, 31, 47, 82, 66, 75, 68]","['74', '61', '88', '63', '77', '76', '158', '66', '72', '73', '67', '159', '71', '64', '70', '157', '82', '69', '68', '83', '156', '154', '155', '151', '84', '85', '152', '87', '86', '153']",TNFF_336,HEVC,SFR,540p,1100
2,USOpen_HEVC_HFR_540p_1900K_148,"[56, 50, 64, 83, 32, 42, 53, 66, 64, 63, 59, 40, 100, 97, 67, 77, 47, 87, 76, 75, 76, 64, 68, 89, 62, 87, 61, 51, 80, 42, 86, 61]","['74', '61', '88', '63', '77', '76', '158', '66', '72', '73', '67', '159', '71', '64', '70', '157', '82', '69', '68', '83', '156', '154', '155', '151', '84', '85', '152', '87', '86', '153']",USOpen_148,HEVC,HFR,540p,1900
3,EPLDay_HEVC_HFR_540p_1900K_74,"[36, 46, 47, 80, 48, 62, 75, 49, 58, 60, 50, 100, 35, 54, 72, 59, 73, 67, 73, 50, 65, 51, 78, 69, 85, 52, 49, 80, 38, 49, 62]","['74', '61', '88', '63', '77', '76', '158', '66', '72', '73', '67', '159', '71', '64', '70', '157', '82', '69', '68', '83', '156', '154', '155', '151', '84', '85', '152', '87', '86', '153']",EPLDay_74,HEVC,HFR,540p,1900
4,USOpen_HEVC_SFR_396p_900K_148,"[55, 40, 42, 51, 50, 46, 38, 40, 44, 72, 48, 55, 94, 98, 36, 38, 32, 50, 45, 39, 70, 63, 81, 59, 65, 63, 38, 49, 47, 48, 71, 64]","['74', '61', '88', '63', '77', '76', '158', '66', '72', '73', '67', '159', '71', '64', '70', '157', '82', '69', '68', '83', '156', '154', '155', '151', '84', '85', '152', '87', '86', '153']",USOpen_148,HEVC,SFR,396p,900
5,TNFF_HEVC_SFR_720p_2200K_336,"[60, 45, 76, 74, 45, 71, 80, 73, 77, 70, 68, 80, 76, 93, 98, 83, 92, 83, 78, 42, 77, 79, 68, 97, 97, 63, 66, 52, 66, 76, 65]","['74', '61', '88', '63', '77', '76', '158', '66', '72', '73', '67', '159', '71', '64', '70', '157', '82', '69', '68', '83', '156', '154', '155', '151', '84', '85', '152', '87', '86', '153']",TNFF_336,HEVC,SFR,720p,2200
6,USOpen_AVC_HFR_288p_300K_648,"[27, 7, 27, 21, 25, 12, 17, 5, 1, 1, 25, 27, 16, 45, 42, 21, 43, 27, 32, 7, 45, 22, 46, 26, 60, 43, 14, 67, 9, 2, 30]","['74', '61', '88', '63', '77', '76', '158', '66', '72', '73', '67', '159', '71', '64', '70', '157', '82', '69', '68', '83', '156', '154', '155', '151', '84', '85', '152', '87', '86', '153']",USOpen_648,AVC,HFR,288p,300
7,USOpen_HEVC_HFR_720p_2200K_148,"[62, 38, 67, 91, 41, 48, 66, 89, 75, 47, 50, 49, 94, 100, 56, 77, 48, 54, 50, 70, 55, 47, 93, 71, 81, 42, 60, 68, 46, 44, 72, 77]","['74', '61', '88', '63', '77', '76', '158', '66', '72', '73', '67', '159', '71', '64', '70', '157', '82', '69', '68', '83', '156', '154', '155', '151', '84', '85', '152', '87', '86', '153']",USOpen_148,HEVC,HFR,720p,2200
8,USOpen_HEVC_SFR_540p_1100K_648,"[48, 47, 33, 75, 31, 39, 51, 67, 63, 39, 36, 64, 75, 59, 45, 66, 50, 73, 52, 78, 57, 63, 61, 59, 68, 44, 51, 39, 48, 77, 66]","['74', '61', '88', '63', '77', '76', '158', '66', '72', '73', '67', '159', '71', '64', '70', '157', '82', '69', '68', '83', '156', '154', '155', '151', '84', '85', '152', '87', '86', '153']",USOpen_648,HEVC,SFR,540p,1100
9,EPLDay_AVC_SFR_720p_2000K_74,"[59, 30, 55, 55, 23, 33, 70, 63, 64, 40, 77, 87, 66, 82, 93, 67, 60, 55, 71, 55, 35, 52, 59, 58, 82, 59, 49, 70, 41, 75, 64]","['74', '61', '88', '63', '77', '76', '158', '66', '72', '73', '67', '159', '71', '64', '70', '157', '82', '69', '68', '83', '156', '154', '155', '151', '84', '85', '152', '87', '86', '153']",EPLDay_74,AVC,SFR,720p,2000
10,USOpen_HEVC_SFR_540p_1900K_648,"[47, 58, 70, 69, 46, 36, 32, 44, 54, 15, 61, 46, 39, 75, 79, 61, 87, 46, 65, 32, 49, 68, 69, 71, 61, 47, 49, 54, 53, 43, 52]","['74', '61', '88', '63', '77', '76', '158', '66', '72', '73', '67', '159', '71', '64', '70', '157', '82', '69', '68', '83', '156', '154', '155', '151', '84', '85', '152', '87', '86', '153']",USOpen_648,HEVC,SFR,540p,1900
11,TNFF_AVC_SFR_540p_1200K_336,"[48, 29, 49, 38, 49, 41, 63, 52, 51, 38, 41, 85, 19, 62, 62, 49, 49, 63, 84, 52, 49, 74, 72, 67, 61, 45, 49, 69, 64, 63, 58]","['74', '61', '88', '63', '77', '76', '158', '66', '72', '73', '67', '159', '71', '64', '70', '157', '82', '69', '68', '83', '156', '154', '155', '151', '84', '85', '152', '87', '86', '153']",TNFF_336,AVC,SFR,540p,1200
12,USOpen_SRC_SRC_SRC_SRC_648,"[67, 42, 94, 91, 46, 67, 69, 85, 91, 9, 39, 72, 97, 65, 80, 96, 93, 91, 91, 78, 56, 71, 94, 66, 59, 59, 78, 73, 84, 61, 94]","['74', '61', '88', '63', '77', '76', '158', '66', '72', '73', '67', '159', '71', '64', '70', '157', '82', '69', '68', '83', '156', '154', '155', '151', '84', '85', '152', '87', '86', '153']",USOpen_648,SRC,SRC,SRC,100000
13,TNFF_AVC_HFR_540p_1300K_336,"[46, 52, 16, 51, 30, 30, 60, 46, 49, 50, 69, 74, 60, 38, 63, 38, 72, 48, 75, 62, 55, 54, 68, 55, 89, 58, 40, 39, 56, 71, 61]","['74', '61', '88', '63', '77', '76', '158', '66', '72', '73', '67', '159', '71', '64', '70', '157', '82', '69', '68', '83', '156', '154', '155', '151', '84', '85', '152', '87', '86', '153']",TNFF_336,AVC,HFR,540p,1300
14,USOpen_AVC_HFR_396p_600K_648,"[33, 30, 49, 23, 50, 17, 43, 35, 40, 18, 41, 49, 44, 47, 37, 28, 63, 40, 44, 24, 58, 47, 69, 65, 62, 39, 40, 56, 18, 36, 46]","['74', '61', '88', '63', '77', '76', '158', '66', '72', '73', '67', '159', '71', '64', '70', '157', '82', '69', '68', '83', '156', '154', '155', '151', '84', '85', '152', '87', '86', '153']",USOpen_648,AVC,HFR,396p,600
15,TNFF_AVC_SFR_288p_200K_114,"[8, 2, 2, 1, 2, 2, 8, 13, 4, 1, 3, 63, 1, 34, 1, 4, 1, 2, 1, 11, 1, 5, 3, 3, 1, 15, 2, 1, 36, 1, 1, 2]","['74', '61', '88', '63', '77', '76', '158', '66', '72', '73', '67', '159', '71', '64', '70', '157', '82', '69', '68', '83', '156', '154', '155', '151', '84', '85', '152', '87', '86', '153']",TNFF_114,AVC,SFR,288p,200
16,TNFF_AVC_HFR_288p_300K_336,"[17, 17, 2, 6, 3, 7, 32, 14, 2, 4, 40, 24, 9, 35, 20, 11, 34, 25, 25, 31, 16, 18, 3, 20, 69, 2, 1, 35, 2, 7, 23]","['74', '61', '88', '63', '77', '76', '158', '66', '72', '73', '67', '159', '71', '64', '70', '157', '82', '69', '68', '83', '156', '154', '155', '151', '84', '85', '152', '87', '86', '153']",TNFF_336,AVC,HFR,288p,300
17,USOpen_HEVC_HFR_396p_600K_148,"[36, 26, 33, 15, 29, 43, 46, 56, 19, 48, 14, 50, 38, 68, 52, 27, 35, 39, 35, 31, 72, 35, 61, 77, 72, 47, 31, 41, 20, 20, 72, 42]","['74', '61', '88', '63', '77', '76', '158', '66', '72', '73', '67', '159', '71', '64', '70', '157', '82', '69', '68', '83', '156', '154', '155', '151', '84', '85', '152', '87', '86', '153']",USOpen_148,HEVC,HFR,396p,600
18,USOpen_AVC_HFR_540p_1900K_648,"[33, 54, 66, 74, 72, 43, 79, 57, 74, 49, 76, 100, 84, 60, 69, 50, 81, 56, 77, 53, 57, 93, 74, 73, 48, 62, 50, 52, 53, 63, 53]","['74', '61', '88', '63', '77', '76', '158', '66', '72', '73', '67', '159', '71', '64', '70', '157', '82', '69', '68', '83', '156', '154', '155', '151', '84', '85', '152', '87', '86', '153']",USOpen_648,AVC,HFR,540p,1900
19,USOpen_AVC_SFR_720p_2000K_148,"[47, 42, 76, 81, 59, 75, 61, 76, 61, 45, 60, 64, 95, 93, 86, 77, 59, 87, 85, 76, 43, 55, 71, 85, 82, 73, 63, 66, 76, 63, 73, 67]","['74', '61', '88', '63', '77', '76', '158', '66', '72', '73', '67', '159', '71', '64', '70', '157', '82', '69', '68', '83', '156', '154', '155', '151', '84', '85', '152', '87', '86', '153']",USOpen_148,AVC,SFR,720p,2000
20,TNFF_HEVC_HFR_540p_1900K_336,"[43, 62, 81, 80, 50, 53, 79, 37, 56, 55, 51, 100, 34, 69, 66, 71, 89, 83, 84, 74, 73, 65, 69, 71, 77, 73, 58, 35, 55, 60, 67]","['74', '61', '88', '63', '77', '76', '158', '66', '72', '73', '67', '159', '71', '64', '70', '157', '82', '69', '68', '83', '156', '154', '155', '151', '84', '85', '152', '87', '86', '153']",TNFF_336,HEVC,HFR,540p,1900
21,TNFF_AVC_SFR_396p_800K_114,"[38, 15, 27, 34, 12, 17, 65, 39, 27, 23, 51, 42, 75, 7, 19, 31, 48, 73, 62, 67, 46, 41, 36, 5, 35, 42, 30, 18, 17, 27, 31, 41]","['74', '61', '88', '63', '77', '76', '158', '66', '72', '73', '67', '159', '71', '64', '70', '157', '82', '69', '68', '83', '156', '154', '155', '151', '84', '85', '152', '87', '86', '153']",TNFF_114,AVC,SFR,396p,800
22,EPLDay_AVC_HFR_720p_2200K_74,"[40, 42, 50, 71, 27, 37, 74, 55, 65, 43, 73, 70, 47, 73, 50, 66, 72, 72, 72, 60, 60, 33, 73, 79, 91, 49, 57, 55, 52, 64, 71]","['74', '61', '88', '63', '77', '76', '158', '66', '72', '73', '67', '159', '71', '64', '70', '157', '82', '69', '68', '83', '156', '154', '155', '151', '84', '85', '152', '87', '86', '153']",EPLDay_74,AVC,HFR,720p,2200
23,TNFF_HEVC_HFR_540p_1100K_336,"[40, 37, 42, 58, 52, 55, 57, 39, 76, 20, 40, 76, 17, 66, 35, 41, 66, 59, 69, 70, 54, 63, 64, 66, 72, 50, 54, 76, 63, 51, 68]","['74', '61', '88', '63', '77', '76', '158', '66', '72', '73', '67', '159', '71', '64', '70', '157', '82', '69', '68', '83', '156', '154', '155', '151', '84', '85', '152', '87', '86', '153']",TNFF_336,HEVC,HFR,540p,1100
24,EPLDay_HEVC_SFR_396p_600K_74,"[22, 20, 24, 24, 36, 13, 34, 24, 40, 18, 40, 26, 14, 30, 32, 39, 26, 57, 49, 36, 45, 47, 23, 35, 78, 35, 36, 41, 40, 31, 46]","['74', '61', '88', '63', '77', '76', '158', '66', '72', '73', '67', '159', '71', '64', '70', '157', '82', '69', '68', '83', '156', '154', '155', '151', '84', '85', '152', '87', '86', '153']",EPLDay_74,HEVC,SFR,396p,600
25,USOpen_AVC_HFR_720p_2200K_148,"[50, 32, 61, 78, 59, 33, 64, 73, 63, 71, 60, 58, 70, 29, 82, 81, 71, 88, 78, 80, 83, 54, 59, 68, 79, 49, 83, 60, 65, 43, 45, 51, 65]","['74', '61', '88', '63', '77', '76', '158', '66', '72', '73', '67', '159', '71', '64', '70', '157', '82', '69', '68', '83', '156', '154', '155', '151', '84', '85', '152', '87', '86', '153']",USOpen_148,AVC,HFR,720p,2200
26,EPLDay_HEVC_SFR_396p_900K_74,"[35, 18, 32, 39, 48, 38, 44, 52, 60, 21, 43, 73, 17, 60, 60, 53, 73, 28, 68, 59, 48, 30, 48, 50, 69, 38, 31, 50, 26, 15, 53]","['74', '61', '88', '63', '77', '76', '158', '66', '72', '73', '67', '159', '71', '64', '70', '157', '82', '69', '68', '83', '156', '154', '155', '151', '84', '85', '152', '87', '86', '153']",EPLDay_74,HEVC,SFR,396p,900
27,TNFF_AVC_SFR_396p_400K_336,"[33, 15, 7, 21, 2, 7, 44, 22, 25, 2, 36, 49, 17, 17, 18, 12, 15, 35, 35, 18, 26, 17, 29, 26, 61, 25, 17, 31, 22, 37, 24]","['74', '61', '88', '63', '77', '76', '158', '66', '72', '73', '67', '159', '71', '64', '70', '157', '82', '69', '68', '83', '156', '154', '155', '151', '84', '85', '152', '87', '86', '153']",TNFF_336,AVC,SFR,396p,400
28,EPLDay_HEVC_HFR_396p_600K_74,"[32, 20, 15, 3, 24, 14, 35, 37, 38, 19, 42, 74, 28, 30, 31, 40, 50, 41, 51, 24, 34, 26, 47, 47, 72, 35, 35, 52, 15, 17, 39]","['74', '61', '88', '63', '77', '76', '158', '66', '72', '73', '67', '159', '71', '64', '70', '157', '82', '69', '68', '83', '156', '154', '155', '151', '84', '85', '152', '87', '86', '153']",EPLDay_74,HEVC,HFR,396p,600
29,USOpen_HEVC_SFR_288p_300K_148,"[33, 22, 19, 8, 10, 31, 33, 62, 34, 41, 23, 45, 10, 33, 59, 26, 15, 53, 37, 54, 47, 32, 34, 74, 63, 32, 40, 29, 30, 43, 48, 43]","['74', '61', '88', '63', '77', '76', '158', '66', '72', '73', '67', '159', '71', '64', '70', '157', '82', '69', '68', '83', '156', '154', '155', '151', '84', '85', '152', '87', '86', '153']",USOpen_148,HEVC,SFR,288p,300
30,EPLDay_AVC_HFR_288p_300K_74,"[16, 1, 20, 1, 11, 14, 30, 4, 15, 3, 24, 32, 12, 15, 19, 11, 1, 19, 19, 7, 17, 14, 2, 27, 61, 7, 1, 42, 2, 1, 37]","['74', '61', '88', '63', '77', '76', '158', '66', '72', '73', '67', '159', '71', '64', '70', '157', '82', '69', '68', '83', '156', '154', '155', '151', '84', '85', '152', '87', '86', '153']",EPLDay_74,AVC,HFR,288p,300
31,USOpen_AVC_HFR_540p_1300K_148,"[43, 45, 52, 65, 39, 42, 55, 60, 51, 69, 34, 51, 67, 51, 58, 49, 63, 79, 48, 61, 40, 51, 63, 69, 68, 71, 50, 68, 57, 55, 49, 56]","['74', '61', '88', '63', '77', '76', '158', '66', '72', '73', '67', '159', '71', '64', '70', '157', '82', '69', '68', '83', '156', '154', '155', '151', '84', '85', '152', '87', '86', '153']",USOpen_148,AVC,HFR,540p,1300
32,EPLDay_HEVC_SFR_288p_300K_74,"[35, 26, 24, 6, 3, 16, 33, 8, 10, 10, 32, 28, 82, 59, 9, 23, 14, 25, 17, 2, 20, 11, 1, 43, 56, 14, 22, 60, 27, 2, 38]","['74', '61', '88', '63', '77', '76', '158', '66', '72', '73', '67', '159', '71', '64', '70', '157', '82', '69', '68', '83', '156', '154', '155', '151', '84', '85', '152', '87', '86', '153']",EPLDay_74,HEVC,SFR,288p,300
33,USOpen_HEVC_SFR_540p_1900K_148,"[48, 40, 62, 55, 62, 40, 79, 66, 73, 67, 45, 53, 93, 95, 84, 43, 58, 37, 61, 62, 29, 63, 83, 99, 71, 78, 69, 59, 63, 45, 71, 70]","['74', '61', '88', '63', '77', '76', '158', '66', '72', '73', '67', '159', '71', '64', '70', '157', '82', '69', '68', '83', '156', '154', '155', '151', '84', '85', '152', '87', '86', '153']",USOpen_148,HEVC,SFR,540p,1900
34,USOpen_HEVC_HFR_396p_600K_648,"[40, 23, 36, 41, 45, 34, 55, 46, 26, 37, 51, 60, 37, 39, 69, 39, 63, 49, 49, 25, 42, 36, 41, 53, 60, 43, 26, 61, 33, 42, 52]","['74', '61', '88', '63', '77', '76', '158', '66', '72', '73', '67', '159', '71', '64', '70', '157', '82', '69', '68', '83', '156', '154', '155', '151', '84', '85', '152', '87', '86', '153']",USOpen_648,HEVC,HFR,396p,600
35,TNFF_AVC_SFR_720p_2000K_336,"[58, 38, 61, 69, 29, 32, 41, 49, 81, 33, 34, 100, 25, 60, 49, 64, 81, 82, 69, 79, 51, 63, 72, 70, 82, 58, 73, 93, 64, 63, 73]","['74', '61', '88', '63', '77', '76', '158', '66', '72', '73', '67', '159', '71', '64', '70', '157', '82', '69', '68', '83', '156', '154', '155', '151', '84', '85', '152', '87', '86', '153']",TNFF_336,AVC,SFR,720p,2000
36,USOpen_AVC_SFR_396p_400K_648,"[45, 31, 37, 20, 2, 40, 50, 42, 29, 37, 18, 26, 62, 38, 43, 37, 48, 50, 36, 23, 55, 17, 49, 45, 59, 46, 47, 58, 28, 33, 42]","['74', '61', '88', '63', '77', '76', '158', '66', '72', '73', '67', '159', '71', '64', '70', '157', '82', '69', '68', '83', '156', '154', '155', '151', '84', '85', '152', '87', '86', '153']",USOpen_648,AVC,SFR,396p,400
37,TNFF_HEVC_SFR_288p_300K_114,"[11, 5, 2, 3, 4, 10, 23, 25, 7, 30, 17, 15, 34, 2, 26, 4, 8, 15, 13, 30, 7, 32, 7, 40, 24, 35, 26, 1, 38, 27, 1, 3]","['74', '61', '88', '63', '77', '76', '158', '66', '72', '73', '67', '159', '71', '64', '70', '157', '82', '69', '68', '83', '156', '154', '155', '151', '84', '85', '152', '87', '86', '153']",TNFF_114,HEVC,SFR,288p,300
38,USOpen_AVC_SFR_720p_2000K_648,"[62, 71, 80, 77, 19, 49, 56, 72, 59, 30, 41, 90, 39, 83, 83, 74, 79, 86, 74, 62, 73, 89, 54, 57, 79, 46, 49, 59, 81, 70, 88]","['74', '61', '88', '63', '77', '76', '158', '66', '72', '73', '67', '159', '71', '64', '70', '157', '82', '69', '68', '83', '156', '154', '155', '151', '84', '85', '152', '87', '86', '153']",USOpen_648,AVC,SFR,720p,2000
39,TNFF_HEVC_HFR_288p_300K_114,"[11, 4, 2, 12, 1, 6, 23, 17, 3, 6, 37, 25, 25, 1, 32, 6, 16, 16, 11, 29, 7, 17, 8, 6, 10, 34, 3, 4, 23, 16, 29, 4]","['74', '61', '88', '63', '77', '76', '158', '66', '72', '73', '67', '159', '71', '64', '70', '157', '82', '69', '68', '83', '156', '154', '155', '151', '84', '85', '152', '87', '86', '153']",TNFF_114,HEVC,HFR,288p,300
40,EPLDay_HEVC_HFR_540p_1100K_74,"[55, 37, 37, 47, 44, 32, 60, 44, 62, 47, 37, 77, 69, 64, 31, 63, 74, 50, 49, 29, 38, 38, 40, 68, 73, 49, 37, 58, 30, 26, 55]","['74', '61', '88', '63', '77', '76', '158', '66', '72', '73', '67', '159', '71', '64', '70', '157', '82', '69', '68', '83', '156', '154', '155', '151', '84', '85', '152', '87', '86', '153']",EPLDay_74,HEVC,HFR,540p,1100
41,TNFF_HEVC_HFR_720p_2200K_114,"[60, 49, 69, 94, 34, 37, 77, 65, 48, 85, 60, 81, 99, 86, 44, 52, 70, 88, 50, 77, 88, 55, 76, 90, 82, 79, 54, 35, 73, 37, 44, 68]","['74', '61', '88', '63', '77', '76', '158', '66', '72', '73', '67', '159', '71', '64', '70', '157', '82', '69', '68', '83', '156', '154', '155', '151', '84', '85', '152', '87', '86', '153']",TNFF_114,HEVC,HFR,720p,2200
42,USOpen_AVC_HFR_396p_900K_148,"[48, 32, 58, 35, 42, 32, 33, 36, 36, 23, 16, 44, 64, 87, 38, 33, 32, 66, 60, 59, 26, 55, 46, 74, 60, 66, 32, 31, 29, 41, 49, 50]","['74', '61', '88', '63', '77', '76', '158', '66', '72', '73', '67', '159', '71', '64', '70', '157', '82', '69', '68', '83', '156', '154', '155', '151', '84', '85', '152', '87', '86', '153']",USOpen_148,AVC,HFR,396p,900
43,TNFF_HEVC_SFR_396p_900K_114,"[39, 25, 35, 66, 24, 34, 62, 50, 48, 65, 42, 49, 74, 66, 53, 34, 42, 50, 58, 45, 62, 43, 17, 49, 70, 61, 33, 46, 40, 37, 21, 40]","['74', '61', '88', '63', '77', '76', '158', '66', '72', '73', '67', '159', '71', '64', '70', '157', '82', '69', '68', '83', '156', '154', '155', '151', '84', '85', '152', '87', '86', '153']",TNFF_114,HEVC,SFR,396p,900
44,TNFF_AVC_SFR_288p_200K_336,"[16, 1, 3, 5, 1, 10, 14, 2, 71, 1, 21, 14, 36, 6, 14, 22, 1, 4, 21, 2, 17, 11, 33, 21, 56, 33, 1, 50, 4, 1, 17]","['74', '61', '88', '63', '77', '76', '158', '66', '72', '73', '67', '159', '71', '64', '70', '157', '82', '69', '68', '83', '156', '154', '155', '151', '84', '85', '152', '87', '86', '153']",TNFF_336,AVC,SFR,288p,200
45,TNFF_HEVC_HFR_540p_1900K_114,"[58, 49, 83, 78, 55, 30, 71, 64, 49, 55, 55, 72, 50, 61, 77, 69, 60, 90, 73, 81, 89, 37, 53, 82, 57, 55, 42, 48, 54, 36, 68, 50]","['74', '61', '88', '63', '77', '76', '158', '66', '72', '73', '67', '159', '71', '64', '70', '157', '82', '69', '68', '83', '156', '154', '155', '151', '84', '85', '152', '87', '86', '153']",TNFF_114,HEVC,HFR,540p,1900
46,USOpen_AVC_SFR_396p_800K_648,"[44, 21, 33, 43, 44, 35, 49, 42, 43, 8, 37, 27, 20, 43, 55, 33, 62, 29, 51, 33, 45, 36, 46, 43, 68, 44, 29, 29, 8, 24, 61]","['74', '61', '88', '63', '77', '76', '158', '66', '72', '73', '67', '159', '71', '64', '70', '157', '82', '69', '68', '83', '156', '154', '155', '151', '84', '85', '152', '87', '86', '153']",USOpen_648,AVC,SFR,396p,800
47,TNFF_HEVC_HFR_396p_900K_336,"[45, 42, 38, 50, 46, 39, 35, 50, 66, 46, 33, 73, 36, 65, 61, 53, 64, 61, 67, 69, 32, 59, 59, 53, 68, 59, 33, 55, 52, 48, 62]","['74', '61', '88', '63', '77', '76', '158', '66', '72', '73', '67', '159', '71', '64', '70', '157', '82', '69', '68', '83', '156', '154', '155', '151', '84', '85', '152', '87', '86', '153']",TNFF_336,HEVC,HFR,396p,900
48,USOpen_HEVC_HFR_288p_300K_148,"[47, 5, 20, 31, 27, 12, 30, 24, 25, 1, 22, 31, 75, 60, 34, 36, 5, 30, 37, 35, 12, 39, 23, 29, 63, 55, 36, 47, 60, 46, 51, 46]","['74', '61', '88', '63', '77', '76', '158', '66', '72', '73', '67', '159', '71', '64', '70', '157', '82', '69', '68', '83', '156', '154', '155', '151', '84', '85', '152', '87', '86', '153']",USOpen_148,HEVC,HFR,288p,300
49,TNFF_AVC_HFR_540p_1300K_114,"[39, 30, 41, 49, 17, 16, 43, 51, 50, 55, 47, 50, 92, 53, 55, 34, 37, 51, 54, 66, 36, 40, 62, 54, 49, 63, 34, 29, 44, 17, 40, 54]","['74', '61', '88', '63', '77', '76', '158', '66', '72', '73', '67', '159', '71', '64', '70', '157', '82', '69', '68', '83', '156', '154', '155', '151', '84', '85', '152', '87', '86', '153']",TNFF_114,AVC,HFR,540p,1300
50,TNFF_AVC_HFR_540p_1900K_336,"[44, 41, 42, 48, 44, 39, 34, 48, 41, 39, 71, 74, 64, 41, 38, 61, 65, 56, 69, 71, 49, 88, 72, 68, 58, 53, 41, 87, 45, 49, 64]","['74', '61', '88', '63', '77', '76', '158', '66', '72', '73', '67', '159', '71', '64', '70', '157', '82', '69', '68', '83', '156', '154', '155', '151', '84', '85', '152', '87', '86', '153']",TNFF_336,AVC,HFR,540p,1900
51,USOpen_AVC_SFR_540p_1200K_148,"[55, 42, 66, 63, 64, 54, 41, 72, 35, 37, 49, 75, 72, 73, 54, 77, 74, 51, 68, 54, 58, 49, 79, 64, 98, 59, 57, 68, 56, 80, 58, 66]","['74', '61', '88', '63', '77', '76', '158', '66', '72', '73', '67', '159', '71', '64', '70', '157', '82', '69', '68', '83', '156', '154', '155', '151', '84', '85', '152', '87', '86', '153']",USOpen_148,AVC,SFR,540p,1200
52,EPLDay_HEVC_SFR_720p_2200K_74,"[57, 66, 76, 77, 69, 19, 78, 70, 81, 58, 79, 92, 24, 62, 83, 84, 95, 84, 81, 53, 70, 60, 85, 68, 81, 56, 58, 41, 53, 25, 79]","['74', '61', '88', '63', '77', '76', '158', '66', '72', '73', '67', '159', '71', '64', '70', '157', '82', '69', '68', '83', '156', '154', '155', '151', '84', '85', '152', '87', '86', '153']",EPLDay_74,HEVC,SFR,720p,2200
53,TNFF_AVC_HFR_720p_2200K_336,"[52, 34, 65, 87, 69, 39, 72, 70, 84, 65, 50, 63, 25, 85, 84, 73, 76, 63, 79, 88, 73, 61, 71, 65, 86, 48, 51, 66, 26, 61, 72]","['74', '61', '88', '63', '77', '76', '158', '66', '72', '73', '67', '159', '71', '64', '70', '157', '82', '69', '68', '83', '156', '154', '155', '151', '84', '85', '152', '87', '86', '153']",TNFF_336,AVC,HFR,720p,2200
54,EPLDay_HEVC_SFR_540p_1900K_74,"[52, 38, 41, 65, 47, 43, 52, 64, 68, 46, 67, 49, 51, 42, 79, 82, 77, 79, 76, 61, 56, 49, 82, 75, 85, 47, 45, 52, 58, 35, 68]","['74', '61', '88', '63', '77', '76', '158', '66', '72', '73', '67', '159', '71', '64', '70', '157', '82', '69', '68', '83', '156', '154', '155', '151', '84', '85', '152', '87', '86', '153']",EPLDay_74,HEVC,SFR,540p,1900
55,TNFF_AVC_SFR_540p_1800K_336,"[53, 51, 47, 60, 22, 43, 62, 45, 44, 49, 41, 73, 19, 66, 58, 45, 77, 85, 73, 53, 74, 74, 75, 74, 57, 49, 25, 62, 63, 77, 63]","['74', '61', '88', '63', '77', '76', '158', '66', '72', '73', '67', '159', '71', '64', '70', '157', '82', '69', '68', '83', '156', '154', '155', '151', '84', '85', '152', '87', '86', '153']",TNFF_336,AVC,SFR,540p,1800
56,USOpen_AVC_SFR_396p_400K_148,"[37, 12, 36, 21, 36, 37, 55, 55, 25, 59, 33, 25, 26, 62, 36, 32, 55, 49, 47, 52, 21, 36, 43, 59, 48, 74, 13, 35, 36, 10, 42, 64]","['74', '61', '88', '63', '77', '76', '158', '66', '72', '73', '67', '159', '71', '64', '70', '157', '82', '69', '68', '83', '156', '154', '155', '151', '84', '85', '152', '87', '86', '153']",USOpen_148,AVC,SFR,396p,400
57,TNFF_HEVC_SFR_396p_900K_336,"[50, 27, 35, 51, 49, 56, 52, 48, 61, 44, 49, 68, 21, 54, 54, 38, 38, 63, 64, 62, 45, 59, 55, 52, 71, 56, 68, 57, 44, 67, 51]","['74', '61', '88', '63', '77', '76', '158', '66', '72', '73', '67', '159', '71', '64', '70', '157', '82', '69', '68', '83', '156', '154', '155', '151', '84', '85', '152', '87', '86', '153']",TNFF_336,HEVC,SFR,396p,900
58,USOpen_HEVC_SFR_540p_1100K_148,"[48, 28, 57, 58, 43, 35, 56, 60, 55, 44, 40, 52, 74, 37, 70, 63, 42, 60, 73, 45, 76, 51, 49, 90, 65, 68, 48, 72, 58, 71, 53, 78]","['74', '61', '88', '63', '77', '76', '158', '66', '72', '73', '67', '159', '71', '64', '70', '157', '82', '69', '68', '83', '156', '154', '155', '151', '84', '85', '152', '87', '86', '153']",USOpen_148,HEVC,SFR,540p,1100
59,USOpen_AVC_SFR_288p_200K_648,"[32, 9, 26, 2, 3, 6, 31, 5, 11, 2, 77, 3, 13, 37, 23, 2, 14, 47, 22, 2, 33, 10, 10, 26, 46, 10, 43, 58, 2, 1, 45]","['74', '61', '88', '63', '77', '76', '158', '66', '72', '73', '67', '159', '71', '64', '70', '157', '82', '69', '68', '83', '156', '154', '155', '151', '84', '85', '152', '87', '86', '153']",USOpen_648,AVC,SFR,288p,200
60,TNFF_HEVC_SFR_540p_1900K_114,"[57, 64, 72, 64, 61, 39, 71, 53, 49, 81, 58, 56, 80, 75, 80, 73, 73, 86, 70, 84, 65, 59, 72, 78, 47, 85, 57, 49, 54, 55, 61, 60]","['74', '61', '88', '63', '77', '76', '158', '66', '72', '73', '67', '159', '71', '64', '70', '157', '82', '69', '68', '83', '156', '154', '155', '151', '84', '85', '152', '87', '86', '153']",TNFF_114,HEVC,SFR,540p,1900
61,USOpen_HEVC_HFR_396p_900K_148,"[46, 16, 39, 61, 38, 33, 56, 36, 36, 72, 32, 43, 52, 30, 54, 74, 27, 50, 60, 61, 54, 42, 66, 68, 68, 67, 61, 45, 39, 55, 75, 62]","['74', '61', '88', '63', '77', '76', '158', '66', '72', '73', '67', '159', '71', '64', '70', '157', '82', '69', '68', '83', '156', '154', '155', '151', '84', '85', '152', '87', '86', '153']",USOpen_148,HEVC,HFR,396p,900
62,EPLDay_HEVC_HFR_396p_900K_74,"[39, 41, 36, 40, 19, 26, 56, 47, 52, 48, 52, 74, 35, 48, 31, 50, 25, 58, 37, 48, 34, 39, 58, 53, 60, 27, 27, 55, 31, 33, 50]","['74', '61', '88', '63', '77', '76', '158', '66', '72', '73', '67', '159', '71', '64', '70', '157', '82', '69', '68', '83', '156', '154', '155', '151', '84', '85', '152', '87', '86', '153']",EPLDay_74,HEVC,HFR,396p,900
63,USOpen_AVC_HFR_288p_300K_148,"[36, 8, 25, 26, 11, 21, 55, 36, 8, 36, 15, 26, 61, 72, 60, 35, 26, 37, 23, 18, 48, 45, 41, 73, 50, 37, 33, 17, 8, 5, 28, 30]","['74', '61', '88', '63', '77', '76', '158', '66', '72', '73', '67', '159', '71', '64', '70', '157', '82', '69', '68', '83', '156', '154', '155', '151', '84', '85', '152', '87', '86', '153']",USOpen_148,AVC,HFR,288p,300
64,TNFF_SRC_SRC_SRC_SRC_336,"[66, 71, 97, 96, 79, 68, 30, 96, 100, 45, 88, 100, 55, 90, 93, 86, 95, 89, 93, 88, 82, 54, 92, 79, 85, 68, 77, 43, 91, 87, 92]","['74', '61', '88', '63', '77', '76', '158', '66', '72', '73', '67', '159', '71', '64', '70', '157', '82', '69', '68', '83', '156', '154', '155', '151', '84', '85', '152', '87', '86', '153']",TNFF_336,SRC,SRC,SRC,100000
65,USOpen_HEVC_SFR_720p_2200K_148,"[64, 61, 69, 79, 35, 74, 82, 75, 71, 57, 50, 54, 94, 82, 82, 58, 62, 99, 80, 72, 100, 63, 83, 78, 90, 59, 56, 57, 52, 74, 98, 67]","['74', '61', '88', '63', '77', '76', '158', '66', '72', '73', '67', '159', '71', '64', '70', '157', '82', '69', '68', '83', '156', '154', '155', '151', '84', '85', '152', '87', '86', '153']",USOpen_148,HEVC,SFR,720p,2200
66,TNFF_HEVC_HFR_396p_600K_336,"[40, 30, 24, 53, 36, 32, 51, 47, 56, 38, 43, 86, 20, 76, 55, 39, 28, 70, 31, 42, 32, 33, 43, 32, 73, 49, 33, 63, 37, 24, 49]","['74', '61', '88', '63', '77', '76', '158', '66', '72', '73', '67', '159', '71', '64', '70', '157', '82', '69', '68', '83', '156', '154', '155', '151', '84', '85', '152', '87', '86', '153']",TNFF_336,HEVC,HFR,396p,600
67,USOpen_AVC_SFR_540p_1200K_648,"[53, 32, 53, 79, 31, 37, 37, 51, 76, 46, 65, 49, 35, 66, 39, 38, 75, 52, 69, 67, 49, 60, 57, 66, 58, 36, 61, 59, 63, 43, 66]","['74', '61', '88', '63', '77', '76', '158', '66', '72', '73', '67', '159', '71', '64', '70', '157', '82', '69', '68', '83', '156', '154', '155', '151', '84', '85', '152', '87', '86', '153']",USOpen_648,AVC,SFR,540p,1200
68,TNFF_SRC_SRC_SRC_SRC_114,"[64, 57, 95, 98, 76, 88, 80, 86, 74, 61, 70, 93, 100, 100, 85, 86, 90, 100, 50, 89, 100, 85, 90, 99, 88, 83, 46, 76, 42, 73, 74, 77]","['74', '61', '88', '63', '77', '76', '158', '66', '72', '73', '67', '159', '71', '64', '70', '157', '82', '69', '68', '83', '156', '154', '155', '151', '84', '85', '152', '87', '86', '153']",TNFF_114,SRC,SRC,SRC,100000
69,USOpen_AVC_SFR_540p_1800K_148,"[59, 32, 64, 60, 51, 63, 61, 48, 76, 64, 36, 36, 94, 31, 40, 77, 85, 65, 71, 48, 72, 62, 71, 87, 66, 84, 63, 62, 40, 53, 81, 72]","['74', '61', '88', '63', '77', '76', '158', '66', '72', '73', '67', '159', '71', '64', '70', '157', '82', '69', '68', '83', '156', '154', '155', '151', '84', '85', '152', '87', '86', '153']",USOpen_148,AVC,SFR,540p,1800
70,USOpen_HEVC_SFR_396p_900K_648,"[39, 21, 36, 34, 14, 37, 32, 43, 54, 34, 61, 76, 26, 40, 38, 43, 50, 52, 41, 60, 40, 51, 39, 55, 64, 22, 34, 38, 13, 25, 49]","['74', '61', '88', '63', '77', '76', '158', '66', '72', '73', '67', '159', '71', '64', '70', '157', '82', '69', '68', '83', '156', '154', '155', '151', '84', '85', '152', '87', '86', '153']",USOpen_648,HEVC,SFR,396p,900
71,TNFF_HEVC_HFR_288p_300K_336,"[10, 7, 30, 13, 15, 11, 42, 25, 1, 3, 24, 48, 47, 22, 13, 6, 25, 18, 30, 8, 21, 11, 35, 44, 61, 7, 26, 30, 8, 15, 38]","['74', '61', '88', '63', '77', '76', '158', '66', '72', '73', '67', '159', '71', '64', '70', '157', '82', '69', '68', '83', '156', '154', '155', '151', '84', '85', '152', '87', '86', '153']",TNFF_336,HEVC,HFR,288p,300
72,USOpen_AVC_HFR_396p_600K_148,"[49, 15, 28, 59, 41, 32, 70, 61, 39, 21, 37, 60, 51, 79, 74, 36, 38, 35, 48, 55, 31, 54, 48, 46, 67, 67, 55, 26, 48, 25, 51, 45]","['74', '61', '88', '63', '77', '76', '158', '66', '72', '73', '67', '159', '71', '64', '70', '157', '82', '69', '68', '83', '156', '154', '155', '151', '84', '85', '152', '87', '86', '153']",USOpen_148,AVC,HFR,396p,600
73,TNFF_AVC_SFR_540p_1200K_114,"[46, 37, 39, 11, 13, 15, 37, 31, 49, 61, 37, 26, 63, 41, 58, 48, 35, 73, 61, 61, 54, 31, 63, 74, 50, 42, 37, 26, 42, 31, 48, 39]","['74', '61', '88', '63', '77', '76', '158', '66', '72', '73', '67', '159', '71', '64', '70', '157', '82', '69', '68', '83', '156', '154', '155', '151', '84', '85', '152', '87', '86', '153']",TNFF_114,AVC,SFR,540p,1200
74,USOpen_HEVC_SFR_288p_300K_648,"[26, 10, 2, 17, 3, 11, 17, 39, 9, 1, 42, 8, 17, 34, 18, 22, 34, 44, 25, 23, 45, 20, 34, 32, 61, 13, 43, 32, 3, 1, 38]","['74', '61', '88', '63', '77', '76', '158', '66', '72', '73', '67', '159', '71', '64', '70', '157', '82', '69', '68', '83', '156', '154', '155', '151', '84', '85', '152', '87', '86', '153']",USOpen_648,HEVC,SFR,288p,300
75,EPLDay_HEVC_HFR_720p_2200K_74,"[59, 47, 81, 89, 72, 23, 62, 66, 80, 57, 75, 74, 33, 80, 90, 50, 73, 77, 73, 56, 76, 60, 87, 72, 79, 44, 48, 62, 53, 50, 84]","['74', '61', '88', '63', '77', '76', '158', '66', '72', '73', '67', '159', '71', '64', '70', '157', '82', '69', '68', '83', '156', '154', '155', '151', '84', '85', '152', '87', '86', '153']",EPLDay_74,HEVC,HFR,720p,2200
76,TNFF_AVC_SFR_396p_400K_114,"[12, 13, 16, 3, 15, 4, 25, 25, 25, 1, 6, 22, 16, 8, 41, 11, 6, 37, 38, 21, 16, 26, 17, 22, 32, 37, 24, 11, 38, 14, 5, 17]","['74', '61', '88', '63', '77', '76', '158', '66', '72', '73', '67', '159', '71', '64', '70', '157', '82', '69', '68', '83', '156', '154', '155', '151', '84', '85', '152', '87', '86', '153']",TNFF_114,AVC,SFR,396p,400
77,USOpen_HEVC_SFR_396p_600K_648,"[32, 20, 50, 30, 41, 35, 36, 43, 59, 18, 41, 72, 67, 35, 42, 34, 59, 35, 30, 42, 35, 36, 23, 47, 41, 37, 33, 35, 23, 7, 53]","['74', '61', '88', '63', '77', '76', '158', '66', '72', '73', '67', '159', '71', '64', '70', '157', '82', '69', '68', '83', '156', '154', '155', '151', '84', '85', '152', '87', '86', '153']",USOpen_648,HEVC,SFR,396p,600
78,USOpen_AVC_SFR_396p_800K_148,"[44, 13, 69, 31, 32, 52, 31, 57, 51, 29, 48, 64, 27, 45, 82, 41, 40, 40, 81, 29, 47, 45, 81, 71, 62, 63, 50, 42, 47, 44, 50, 51]","['74', '61', '88', '63', '77', '76', '158', '66', '72', '73', '67', '159', '71', '64', '70', '157', '82', '69', '68', '83', '156', '154', '155', '151', '84', '85', '152', '87', '86', '153']",USOpen_148,AVC,SFR,396p,800
79,EPLDay_AVC_HFR_540p_1900K_74,"[47, 26, 60, 56, 48, 15, 43, 55, 36, 51, 63, 95, 50, 65, 62, 42, 48, 81, 62, 57, 46, 55, 84, 90, 96, 55, 23, 64, 51, 23, 50]","['74', '61', '88', '63', '77', '76', '158', '66', '72', '73', '67', '159', '71', '64', '70', '157', '82', '69', '68', '83', '156', '154', '155', '151', '84', '85', '152', '87', '86', '153']",EPLDay_74,AVC,HFR,540p,1900
80,USOpen_HEVC_HFR_540p_1100K_148,"[54, 35, 64, 54, 66, 45, 57, 66, 52, 80, 39, 53, 50, 57, 67, 75, 49, 79, 55, 67, 52, 53, 67, 74, 71, 65, 60, 48, 55, 45, 44, 72]","['74', '61', '88', '63', '77', '76', '158', '66', '72', '73', '67', '159', '71', '64', '70', '157', '82', '69', '68', '83', '156', '154', '155', '151', '84', '85', '152', '87', '86', '153']",USOpen_148,HEVC,HFR,540p,1100
81,TNFF_AVC_HFR_396p_600K_114,"[20, 9, 20, 32, 8, 4, 31, 38, 14, 35, 9, 44, 49, 5, 12, 16, 13, 31, 52, 29, 59, 30, 11, 13, 27, 58, 32, 8, 35, 3, 23, 23]","['74', '61', '88', '63', '77', '76', '158', '66', '72', '73', '67', '159', '71', '64', '70', '157', '82', '69', '68', '83', '156', '154', '155', '151', '84', '85', '152', '87', '86', '153']",TNFF_114,AVC,HFR,396p,600
82,USOpen_HEVC_HFR_540p_1100K_648,"[55, 47, 71, 75, 68, 36, 52, 46, 52, 48, 50, 85, 50, 59, 57, 49, 76, 71, 67, 44, 51, 83, 82, 62, 57, 55, 48, 41, 69, 43, 66]","['74', '61', '88', '63', '77', '76', '158', '66', '72', '73', '67', '159', '71', '64', '70', '157', '82', '69', '68', '83', '156', '154', '155', '151', '84', '85', '152', '87', '86', '153']",USOpen_648,HEVC,HFR,540p,1100
83,TNFF_AVC_HFR_396p_600K_336,"[24, 19, 14, 24, 20, 14, 41, 61, 21, 26, 41, 75, 39, 36, 20, 23, 26, 46, 59, 79, 38, 24, 75, 63, 65, 20, 20, 40, 30, 43, 45]","['74', '61', '88', '63', '77', '76', '158', '66', '72', '73', '67', '159', '71', '64', '70', '157', '82', '69', '68', '83', '156', '154', '155', '151', '84', '85', '152', '87', '86', '153']",TNFF_336,AVC,HFR,396p,600
84,EPLDay_AVC_SFR_396p_400K_74,"[26, 6, 19, 2, 21, 15, 31, 29, 16, 5, 26, 26, 40, 32, 16, 7, 27, 24, 44, 13, 31, 17, 67, 39, 60, 18, 4, 53, 6, 2, 41]","['74', '61', '88', '63', '77', '76', '158', '66', '72', '73', '67', '159', '71', '64', '70', '157', '82', '69', '68', '83', '156', '154', '155', '151', '84', '85', '152', '87', '86', '153']",EPLDay_74,AVC,SFR,396p,400
85,TNFF_HEVC_SFR_396p_600K_114,"[26, 12, 24, 35, 18, 18, 42, 25, 39, 38, 26, 33, 50, 61, 37, 28, 17, 54, 32, 42, 54, 39, 24, 44, 42, 60, 27, 1, 44, 21, 24, 36]","['74', '61', '88', '63', '77', '76', '158', '66', '72', '73', '67', '159', '71', '64', '70', '157', '82', '69', '68', '83', '156', '154', '155', '151', '84', '85', '152', '87', '86', '153']",TNFF_114,HEVC,SFR,396p,600
86,USOpen_AVC_SFR_540p_1800K_648,"[52, 31, 57, 61, 59, 40, 46, 57, 74, 17, 42, 75, 32, 80, 55, 50, 80, 50, 61, 73, 71, 51, 73, 60, 66, 41, 40, 36, 52, 46, 73]","['74', '61', '88', '63', '77', '76', '158', '66', '72', '73', '67', '159', '71', '64', '70', '157', '82', '69', '68', '83', '156', '154', '155', '151', '84', '85', '152', '87', '86', '153']",USOpen_648,AVC,SFR,540p,1800
87,TNFF_HEVC_SFR_720p_2200K_114,"[54, 45, 75, 99, 69, 42, 62, 64, 69, 81, 67, 87, 92, 68, 70, 74, 66, 86, 73, 67, 59, 74, 83, 84, 69, 71, 61, 60, 34, 60, 49, 50]","['74', '61', '88', '63', '77', '76', '158', '66', '72', '73', '67', '159', '71', '64', '70', '157', '82', '69', '68', '83', '156', '154', '155', '151', '84', '85', '152', '87', '86', '153']",TNFF_114,HEVC,SFR,720p,2200
88,EPLDay_AVC_HFR_540p_1300K_74,"[49, 49, 38, 38, 33, 32, 44, 65, 22, 47, 60, 84, 72, 60, 58, 72, 48, 66, 62, 59, 52, 37, 70, 69, 88, 33, 41, 43, 31, 25, 57]","['74', '61', '88', '63', '77', '76', '158', '66', '72', '73', '67', '159', '71', '64', '70', '157', '82', '69', '68', '83', '156', '154', '155', '151', '84', '85', '152', '87', '86', '153']",EPLDay_74,AVC,HFR,540p,1300
89,TNFF_HEVC_HFR_396p_900K_114,"[39, 29, 25, 41, 32, 25, 49, 40, 49, 48, 39, 36, 60, 3, 32, 42, 49, 76, 51, 62, 50, 30, 19, 62, 49, 56, 29, 31, 55, 33, 35, 33]","['74', '61', '88', '63', '77', '76', '158', '66', '72', '73', '67', '159', '71', '64', '70', '157', '82', '69', '68', '83', '156', '154', '155', '151', '84', '85', '152', '87', '86', '153']",TNFF_114,HEVC,HFR,396p,900
90,TNFF_HEVC_SFR_540p_1900K_336,"[57, 66, 68, 79, 34, 63, 82, 60, 78, 61, 76, 88, 25, 70, 64, 71, 73, 86, 75, 71, 72, 74, 63, 76, 94, 55, 59, 62, 72, 81, 49]","['74', '61', '88', '63', '77', '76', '158', '66', '72', '73', '67', '159', '71', '64', '70', '157', '82', '69', '68', '83', '156', '154', '155', '151', '84', '85', '152', '87', '86', '153']",TNFF_336,HEVC,SFR,540p,1900
91,TNFF_AVC_HFR_396p_900K_114,"[38, 30, 27, 42, 9, 8, 43, 53, 39, 41, 28, 20, 69, 24, 45, 15, 25, 55, 38, 47, 43, 30, 53, 25, 43, 40, 35, 22, 36, 30, 23, 30]","['74', '61', '88', '63', '77', '76', '158', '66', '72', '73', '67', '159', '71', '64', '70', '157', '82', '69', '68', '83', '156', '154', '155', '151', '84', '85', '152', '87', '86', '153']",TNFF_114,AVC,HFR,396p,900
92,EPLDay_SRC_SRC_SRC_SRC_74,"[58, 77, 87, 100, 86, 77, 66, 95, 93, 66, 95, 100, 27, 95, 98, 89, 96, 96, 96, 69, 95, 80, 100, 100, 100, 72, 61, 100, 70, 99, 94]","['74', '61', '88', '63', '77', '76', '158', '66', '72', '73', '67', '159', '71', '64', '70', '157', '82', '69', '68', '83', '156', '154', '155', '151', '84', '85', '152', '87', '86', '153']",EPLDay_74,SRC,SRC,SRC,100000
93,TNFF_AVC_SFR_540p_1800K_114,"[48, 25, 69, 86, 33, 10, 72, 28, 49, 82, 64, 71, 59, 69, 62, 50, 70, 92, 77, 79, 70, 62, 51, 80, 61, 57, 46, 48, 45, 32, 58, 46]","['74', '61', '88', '63', '77', '76', '158', '66', '72', '73', '67', '159', '71', '64', '70', '157', '82', '69', '68', '83', '156', '154', '155', '151', '84', '85', '152', '87', '86', '153']",TNFF_114,AVC,SFR,540p,1800
94,EPLDay_HEVC_SFR_540p_1100K_74,"[42, 50, 62, 52, 36, 39, 65, 50, 55, 42, 41, 95, 61, 72, 41, 62, 61, 64, 74, 57, 51, 43, 74, 72, 80, 60, 30, 55, 56, 26, 45]","['74', '61', '88', '63', '77', '76', '158', '66', '72', '73', '67', '159', '71', '64', '70', '157', '82', '69', '68', '83', '156', '154', '155', '151', '84', '85', '152', '87', '86', '153']",EPLDay_74,HEVC,SFR,540p,1100
95,USOpen_AVC_HFR_540p_1900K_148,"[50, 30, 50, 65, 61, 43, 26, 54, 55, 41, 41, 70, 100, 34, 57, 73, 49, 72, 74, 89, 55, 48, 88, 74, 72, 44, 58, 48, 58, 66, 45, 65]","['74', '61', '88', '63', '77', '76', '158', '66', '72', '73', '67', '159', '71', '64', '70', '157', '82', '69', '68', '83', '156', '154', '155', '151', '84', '85', '152', '87', '86', '153']",USOpen_148,AVC,HFR,540p,1900
96,EPLDay_AVC_SFR_288p_200K_74,"[20, 2, 4, 3, 1, 3, 29, 4, 40, 1, 16, 6, 15, 7, 7, 3, 1, 1, 22, 1, 4, 8, 38, 18, 56, 7, 1, 32, 3, 1, 25]","['74', '61', '88', '63', '77', '76', '158', '66', '72', '73', '67', '159', '71', '64', '70', '157', '82', '69', '68', '83', '156', '154', '155', '151', '84', '85', '152', '87', '86', '153']",EPLDay_74,AVC,SFR,288p,200
97,USOpen_AVC_HFR_396p_900K_648,"[43, 26, 35, 38, 25, 41, 52, 39, 54, 35, 34, 61, 32, 46, 35, 36, 60, 59, 54, 25, 32, 47, 62, 68, 50, 44, 34, 56, 3, 29, 50]","['74', '61', '88', '63', '77', '76', '158', '66', '72', '73', '67', '159', '71', '64', '70', '157', '82', '69', '68', '83', '156', '154', '155', '151', '84', '85', '152', '87', '86', '153']",USOpen_648,AVC,HFR,396p,900
98,EPLDay_AVC_HFR_396p_900K_74,"[41, 18, 34, 10, 21, 16, 48, 52, 31, 24, 29, 48, 64, 28, 20, 37, 50, 31, 46, 43, 39, 15, 57, 37, 60, 27, 43, 37, 4, 49, 55]","['74', '61', '88', '63', '77', '76', '158', '66', '72', '73', '67', '159', '71', '64', '70', '157', '82', '69', '68', '83', '156', '154', '155', '151', '84', '85', '152', '87', '86', '153']",EPLDay_74,AVC,HFR,396p,900
99,USOpen_HEVC_HFR_720p_2200K_648,"[57, 59, 93, 99, 72, 59, 79, 54, 60, 64, 46, 97, 88, 100, 78, 91, 74, 92, 67, 69, 69, 77, 84, 82, 81, 71, 60, 52, 60, 42, 97]","['74', '61', '88', '63', '77', '76', '158', '66', '72', '73', '67', '159', '71', '64', '70', '157', '82', '69', '68', '83', '156', '154', '155', '151', '84', '85', '152', '87', '86', '153']",USOpen_648,HEVC,HFR,720p,2200
100,TNFF_HEVC_SFR_396p_600K_336,"[48, 30, 35, 50, 50, 26, 51, 42, 31, 50, 46, 68, 50, 55, 16, 49, 74, 78, 46, 62, 44, 47, 59, 66, 69, 26, 38, 57, 27, 49, 68]","['74', '61', '88', '63', '77', '76', '158', '66', '72', '73', '67', '159', '71', '64', '70', '157', '82', '69', '68', '83', '156', '154', '155', '151', '84', '85', '152', '87', '86', '153']",TNFF_336,HEVC,SFR,396p,600
101,USOpen_AVC_HFR_540p_1300K_648,"[54, 31, 60, 66, 59, 39, 63, 44, 66, 44, 75, 100, 66, 83, 65, 56, 74, 73, 54, 73, 67, 76, 92, 71, 64, 61, 50, 40, 59, 65, 73]","['74', '61', '88', '63', '77', '76', '158', '66', '72', '73', '67', '159', '71', '64', '70', '157', '82', '69', '68', '83', '156', '154', '155', '151', '84', '85', '152', '87', '86', '153']",USOpen_648,AVC,HFR,540p,1300
102,TNFF_HEVC_HFR_396p_600K_114,"[21, 13, 30, 39, 8, 17, 56, 40, 25, 15, 11, 59, 38, 19, 17, 38, 29, 17, 25, 50, 39, 32, 18, 17, 36, 56, 34, 36, 41, 39, 11, 25]","['74', '61', '88', '63', '77', '76', '158', '66', '72', '73', '67', '159', '71', '64', '70', '157', '82', '69', '68', '83', '156', '154', '155', '151', '84', '85', '152', '87', '86', '153']",TNFF_114,HEVC,HFR,396p,600
103,USOpen_HEVC_HFR_540p_1900K_648,"[54, 41, 92, 66, 55, 47, 69, 67, 72, 68, 75, 100, 89, 77, 49, 83, 80, 65, 69, 45, 64, 71, 78, 75, 70, 62, 41, 66, 40, 69, 57]","['74', '61', '88', '63', '77', '76', '158', '66', '72', '73', '67', '159', '71', '64', '70', '157', '82', '69', '68', '83', '156', '154', '155', '151', '84', '85', '152', '87', '86', '153']",USOpen_648,HEVC,HFR,540p,1900
104,TNFF_AVC_SFR_396p_800K_336,"[51, 16, 28, 33, 16, 32, 61, 43, 17, 50, 23, 56, 22, 30, 44, 41, 40, 44, 57, 39, 42, 74, 60, 63, 70, 29, 41, 53, 19, 25, 58]","['74', '61', '88', '63', '77', '76', '158', '66', '72', '73', '67', '159', '71', '64', '70', '157', '82', '69', '68', '83', '156', '154', '155', '151', '84', '85', '152', '87', '86', '153']",TNFF_336,AVC,SFR,396p,800
105,TNFF_HEVC_SFR_540p_1100K_114,"[49, 33, 54, 50, 45, 37, 60, 57, 43, 55, 54, 79, 72, 26, 45, 49, 49, 74, 76, 65, 72, 56, 62, 73, 77, 70, 57, 49, 49, 21, 39, 43]","['74', '61', '88', '63', '77', '76', '158', '66', '72', '73', '67', '159', '71', '64', '70', '157', '82', '69', '68', '83', '156', '154', '155', '151', '84', '85', '152', '87', '86', '153']",TNFF_114,HEVC,SFR,540p,1100
106,TNFF_HEVC_HFR_720p_2200K_336,"[58, 49, 95, 79, 74, 53, 55, 84, 58, 72, 47, 74, 37, 76, 43, 50, 77, 79, 91, 87, 55, 77, 98, 64, 90, 26, 71, 100, 70, 80, 78]","['74', '61', '88', '63', '77', '76', '158', '66', '72', '73', '67', '159', '71', '64', '70', '157', '82', '69', '68', '83', '156', '154', '155', '151', '84', '85', '152', '87', '86', '153']",TNFF_336,HEVC,HFR,720p,2200
107,EPLDay_AVC_SFR_396p_800K_74,"[46, 17, 18, 35, 21, 26, 51, 48, 18, 28, 36, 41, 46, 43, 35, 57, 26, 27, 65, 52, 42, 41, 42, 55, 75, 31, 17, 51, 3, 39, 49]","['74', '61', '88', '63', '77', '76', '158', '66', '72', '73', '67', '159', '71', '64', '70', '157', '82', '69', '68', '83', '156', '154', '155', '151', '84', '85', '152', '87', '86', '153']",EPLDay_74,AVC,SFR,396p,800
108,TNFF_AVC_HFR_540p_1900K_114,"[49, 22, 47, 79, 49, 33, 54, 42, 50, 62, 46, 35, 74, 55, 70, 57, 80, 75, 45, 68, 68, 47, 41, 48, 45, 61, 49, 31, 50, 42, 60, 47]","['74', '61', '88', '63', '77', '76', '158', '66', '72', '73', '67', '159', '71', '64', '70', '157', '82', '69', '68', '83', '156', '154', '155', '151', '84', '85', '152', '87', '86', '153']",TNFF_114,AVC,HFR,540p,1900
109,USOpen_HEVC_SFR_396p_600K_148,"[50, 28, 50, 82, 38, 36, 37, 39, 42, 55, 36, 27, 47, 94, 68, 61, 70, 70, 50, 45, 58, 51, 48, 50, 77, 35, 39, 71, 60, 29, 61, 54]","['74', '61', '88', '63', '77', '76', '158', '66', '72', '73', '67', '159', '71', '64', '70', '157', '82', '69', '68', '83', '156', '154', '155', '151', '84', '85', '152', '87', '86', '153']",USOpen_148,HEVC,SFR,396p,600
110,TNFF_AVC_HFR_288p_300K_114,"[11, 5, 8, 2, 1, 3, 20, 30, 1, 1, 12, 8, 17, 2, 1, 2, 1, 13, 14, 24, 33, 13, 13, 4, 12, 35, 3, 8, 11, 3, 1, 2]","['74', '61', '88', '63', '77', '76', '158', '66', '72', '73', '67', '159', '71', '64', '70', '157', '82', '69', '68', '83', '156', '154', '155', '151', '84', '85', '152', '87', '86', '153']",TNFF_114,AVC,HFR,288p,300
111,TNFF_HEVC_SFR_288p_300K_336,"[17, 12, 17, 5, 23, 13, 33, 32, 26, 16, 13, 37, 32, 40, 26, 26, 27, 42, 23, 19, 36, 10, 34, 53, 68, 35, 1, 33, 8, 25, 39]","['74', '61', '88', '63', '77', '76', '158', '66', '72', '73', '67', '159', '71', '64', '70', '157', '82', '69', '68', '83', '156', '154', '155', '151', '84', '85', '152', '87', '86', '153']",TNFF_336,HEVC,SFR,288p,300
112,USOpen_HEVC_HFR_396p_900K_648,"[43, 37, 45, 50, 45, 28, 58, 35, 37, 50, 46, 84, 39, 50, 62, 29, 65, 44, 33, 47, 42, 30, 51, 44, 79, 46, 49, 56, 36, 32, 54]","['74', '61', '88', '63', '77', '76', '158', '66', '72', '73', '67', '159', '71', '64', '70', '157', '82', '69', '68', '83', '156', '154', '155', '151', '84', '85', '152', '87', '86', '153']",USOpen_648,HEVC,HFR,396p,900
113,USOpen_SRC_SRC_SRC_SRC_148,"[56, 37, 90, 93, 74, 40, 61, 56, 86, 84, 60, 65, 1, 94, 85, 89, 73, 93, 84, 77, 91, 67, 68, 86, 88, 81, 68, 68, 73, 42, 74, 66, 81]","['74', '61', '88', '63', '77', '76', '158', '66', '72', '73', '67', '159', '71', '64', '70', '157', '82', '69', '68', '83', '156', '154', '155', '151', '84', '85', '152', '87', '86', '153']",USOpen_148,SRC,SRC,SRC,100000
114,EPLDay_HEVC_HFR_288p_300K_74,"[21, 3, 20, 2, 20, 4, 29, 39, 14, 4, 26, 19, 47, 25, 10, 1, 10, 48, 30, 7, 15, 46, 2, 27, 63, 30, 1, 41, 1, 1, 33]","['74', '61', '88', '63', '77', '76', '158', '66', '72', '73', '67', '159', '71', '64', '70', '157', '82', '69', '68', '83', '156', '154', '155', '151', '84', '85', '152', '87', '86', '153']",EPLDay_74,HEVC,HFR,288p,300
115,TNFF_AVC_HFR_396p_900K_336,"[47, 31, 31, 14, 42, 35, 55, 52, 31, 35, 26, 76, 17, 58, 55, 43, 60, 57, 47, 54, 40, 58, 76, 45, 74, 31, 41, 36, 39, 46, 55]","['74', '61', '88', '63', '77', '76', '158', '66', '72', '73', '67', '159', '71', '64', '70', '157', '82', '69', '68', '83', '156', '154', '155', '151', '84', '85', '152', '87', '86', '153']",TNFF_336,AVC,HFR,396p,900
116,EPLDay_AVC_HFR_396p_600K_74,"[31, 6, 17, 13, 23, 16, 31, 36, 14, 27, 33, 71, 26, 27, 26, 12, 38, 27, 45, 9, 36, 21, 16, 42, 67, 26, 16, 35, 5, 13, 50]","['74', '61', '88', '63', '77', '76', '158', '66', '72', '73', '67', '159', '71', '64', '70', '157', '82', '69', '68', '83', '156', '154', '155', '151', '84', '85', '152', '87', '86', '153']",EPLDay_74,AVC,HFR,396p,600
117,USOpen_AVC_SFR_288p_200K_148,"[24, 5, 19, 5, 19, 11, 33, 45, 11, 1, 9, 36, 49, 28, 31, 50, 7, 27, 30, 22, 41, 44, 11, 58, 38, 44, 46, 20, 27, 3, 11, 42]","['74', '61', '88', '63', '77', '76', '158', '66', '72', '73', '67', '159', '71', '64', '70', '157', '82', '69', '68', '83', '156', '154', '155', '151', '84', '85', '152', '87', '86', '153']",USOpen_148,AVC,SFR,288p,200
118,EPLDay_AVC_SFR_540p_1800K_74,"[43, 20, 66, 52, 42, 36, 42, 48, 53, 46, 46, 90, 72, 78, 66, 61, 73, 71, 74, 59, 46, 71, 69, 58, 71, 47, 46, 53, 48, 49, 65]","['74', '61', '88', '63', '77', '76', '158', '66', '72', '73', '67', '159', '71', '64', '70', '157', '82', '69', '68', '83', '156', '154', '155', '151', '84', '85', '152', '87', '86', '153']",EPLDay_74,AVC,SFR,540p,1800
119,TNFF_AVC_HFR_720p_2200K_114,"[53, 39, 83, 83, 52, 38, 65, 55, 47, 84, 37, 67, 69, 63, 47, 59, 67, 83, 83, 90, 72, 56, 48, 70, 57, 68, 41, 40, 60, 48, 59, 54]","['74', '61', '88', '63', '77', '76', '158', '66', '72', '73', '67', '159', '71', '64', '70', '157', '82', '69', '68', '83', '156', '154', '155', '151', '84', '85', '152', '87', '86', '153']",TNFF_114,AVC,HFR,720p,2200
120,EPLDay_AVC_SFR_540p_1200K_74,"[51, 28, 34, 31, 38, 33, 47, 51, 27, 42, 56, 100, 26, 59, 35, 44, 49, 46, 71, 62, 40, 31, 73, 64, 69, 32, 38, 56, 12, 19, 60]","['74', '61', '88', '63', '77', '76', '158', '66', '72', '73', '67', '159', '71', '64', '70', '157', '82', '69', '68', '83', '156', '154', '155', '151', '84', '85', '152', '87', '86', '153']",EPLDay_74,AVC,SFR,540p,1200
121,TNFF_HEVC_HFR_540p_1100K_114,"[48, 28, 46, 68, 36, 21, 57, 54, 46, 72, 38, 41, 49, 63, 44, 44, 36, 100, 60, 63, 52, 56, 57, 66, 50, 79, 45, 41, 52, 42, 41, 44]","['74', '61', '88', '63', '77', '76', '158', '66', '72', '73', '67', '159', '71', '64', '70', '157', '82', '69', '68', '83', '156', '154', '155', '151', '84', '85', '152', '87', '86', '153']",TNFF_114,HEVC,HFR,540p,1100
122,USOpen_HEVC_HFR_288p_300K_648,"[36, 2, 9, 9, 6, 9, 18, 13, 26, 10, 33, 9, 21, 20, 25, 3, 51, 13, 40, 7, 39, 14, 3, 26, 52, 23, 26, 19, 1, 1, 41]","['74', '61', '88', '63', '77', '76', '158', '66', '72', '73', '67', '159', '71', '64', '70', '157', '82', '69', '68', '83', '156', '154', '155', '151', '84', '85', '152', '87', '86', '153']",USOpen_648,HEVC,HFR,288p,300
123,TNFF_AVC_SFR_720p_2000K_114,"[54, 39, 71, 76, 22, 38, 62, 49, 58, 78, 62, 40, 84, 71, 34, 68, 47, 91, 63, 70, 74, 68, 55, 75, 64, 73, 57, 57, 56, 46, 41, 53]","['74', '61', '88', '63', '77', '76', '158', '66', '72', '73', '67', '159', '71', '64', '70', '157', '82', '69', '68', '83', '156', '154', '155', '151', '84', '85', '152', '87', '86', '153']",TNFF_114,AVC,SFR,720p,2000
124,USOpen_HEVC_SFR_720p_2200K_648,"[61, 59, 84, 79, 39, 63, 51, 81, 41, 34, 89, 74, 96, 81, 41, 63, 83, 86, 79, 75, 69, 62, 49, 85, 64, 52, 70, 54, 77, 55, 84]","['74', '61', '88', '63', '77', '76', '158', '66', '72', '73', '67', '159', '71', '64', '70', '157', '82', '69', '68', '83', '156', '154', '155', '151', '84', '85', '152', '87', '86', '153']",USOpen_648,HEVC,SFR,720p,2200
125,TNFNFL_HEVC_HFR_396p_600K_4211,"[37, 25, 5, 4, 14, 20, 27, 20, 7, 37, 28, 25, 47, 24, 5, 17, 8, 22, 32, 11, 4, 4, 37, 55, 46, 12, 23, 7, 3, 43]","['74', '61', '88', '63', '77', '76', '158', '66', '72', '73', '67', '159', '71', '64', '70', '157', '82', '69', '68', '83', '156', '154', '155', '151', '84', '85', '152', '87', '86', '153']",TNFNFL_4211,HEVC,HFR,396p,600
126,Cricket2_AVC_SFR_288p_200K_210,"[35, 22, 37, 8, 24, 16, 43, 2, 1, 6, 37, 30, 21, 57, 33, 11, 14, 20, 28, 10, 34, 6, 28, 17, 32, 20, 1, 6, 4, 9, 26]","['74', '61', '88', '63', '77', '76', '158', '66', '72', '73', '67', '159', '71', '64', '70', '157', '82', '69', '68', '83', '156', '154', '155', '151', '84', '85', '152', '87', '86', '153']",Cricket2_210,AVC,SFR,288p,200
127,Cricket1_HEVC_SFR_540p_1900K_210,"[45, 28, 91, 74, 49, 35, 45, 62, 83, 71, 72, 50, 40, 76, 61, 71, 80, 96, 86, 67, 55, 69, 77, 57, 79, 53, 55, 55, 57, 63, 63]","['74', '61', '88', '63', '77', '76', '158', '66', '72', '73', '67', '159', '71', '64', '70', '157', '82', '69', '68', '83', '156', '154', '155', '151', '84', '85', '152', '87', '86', '153']",Cricket1_210,HEVC,SFR,540p,1900
128,USOpen_AVC_HFR_288p_300K_604,"[30, 28, 42, 25, 49, 40, 27, 44, 15, 34, 45, 30, 32, 56, 10, 59, 53, 35, 20, 47, 23, 26, 53, 54, 30, 29, 31, 9, 22, 42]","['74', '61', '88', '63', '77', '76', '158', '66', '72', '73', '67', '159', '71', '64', '70', '157', '82', '69', '68', '83', '156', '154', '155', '151', '84', '85', '152', '87', '86', '153']",USOpen_604,AVC,HFR,288p,300
129,Cricket1_HEVC_SFR_540p_1100K_210,"[33, 41, 89, 72, 54, 39, 60, 48, 55, 36, 72, 63, 37, 58, 85, 73, 92, 34, 51, 59, 48, 39, 74, 57, 73, 39, 41, 50, 48, 56, 44]","['74', '61', '88', '63', '77', '76', '158', '66', '72', '73', '67', '159', '71', '64', '70', '157', '82', '69', '68', '83', '156', '154', '155', '151', '84', '85', '152', '87', '86', '153']",Cricket1_210,HEVC,SFR,540p,1100
130,Cricket2_HEVC_SFR_720p_2200K_210,"[48, 52, 92, 96, 74, 55, 42, 82, 85, 38, 91, 96, 41, 78, 69, 87, 77, 90, 63, 74, 63, 75, 94, 79, 69, 44, 52, 72, 64, 65, 52]","['74', '61', '88', '63', '77', '76', '158', '66', '72', '73', '67', '159', '71', '64', '70', '157', '82', '69', '68', '83', '156', '154', '155', '151', '84', '85', '152', '87', '86', '153']",Cricket2_210,HEVC,SFR,720p,2200
131,TNFNFL_AVC_HFR_288p_300K_4211,"[20, 16, 1, 10, 7, 8, 15, 1, 1, 1, 1, 5, 3, 8, 1, 1, 1, 15, 1, 15, 3, 1, 11, 54, 4, 1, 7, 7, 1, 12]","['74', '61', '88', '63', '77', '76', '158', '66', '72', '73', '67', '159', '71', '64', '70', '157', '82', '69', '68', '83', '156', '154', '155', '151', '84', '85', '152', '87', '86', '153']",TNFNFL_4211,AVC,HFR,288p,300
132,Cricket1_HEVC_SFR_288p_300K_210,"[26, 20, 25, 31, 39, 23, 37, 10, 4, 9, 36, 21, 13, 43, 7, 23, 37, 46, 24, 13, 33, 35, 13, 32, 39, 39, 48, 41, 5, 21, 21]","['74', '61', '88', '63', '77', '76', '158', '66', '72', '73', '67', '159', '71', '64', '70', '157', '82', '69', '68', '83', '156', '154', '155', '151', '84', '85', '152', '87', '86', '153']",Cricket1_210,HEVC,SFR,288p,300
133,TNFNFL_HEVC_SFR_720p_2200K_4211,"[35, 34, 79, 76, 36, 31, 48, 40, 47, 41, 75, 24, 70, 40, 48, 40, 78, 65, 62, 55, 35, 87, 69, 58, 52, 48, 43, 34, 27, 44]","['74', '61', '88', '63', '77', '76', '158', '66', '72', '73', '67', '159', '71', '64', '70', '157', '82', '69', '68', '83', '156', '154', '155', '151', '84', '85', '152', '87', '86', '153']",TNFNFL_4211,HEVC,SFR,720p,2200
134,USOpen_HEVC_SFR_396p_900K_604,"[38, 37, 79, 26, 26, 36, 24, 35, 30, 59, 61, 65, 46, 65, 31, 74, 46, 35, 47, 43, 28, 71, 64, 61, 51, 15, 60, 50, 48, 54]","['74', '61', '88', '63', '77', '76', '158', '66', '72', '73', '67', '159', '71', '64', '70', '157', '82', '69', '68', '83', '156', '154', '155', '151', '84', '85', '152', '87', '86', '153']",USOpen_604,HEVC,SFR,396p,900
135,TNFNFL_HEVC_HFR_720p_2200K_4211,"[35, 17, 79, 72, 29, 32, 54, 48, 16, 45, 82, 26, 61, 29, 41, 48, 77, 65, 43, 43, 48, 49, 42, 70, 52, 48, 53, 14, 28, 62]","['74', '61', '88', '63', '77', '76', '158', '66', '72', '73', '67', '159', '71', '64', '70', '157', '82', '69', '68', '83', '156', '154', '155', '151', '84', '85', '152', '87', '86', '153']",TNFNFL_4211,HEVC,HFR,720p,2200
136,Cricket2_HEVC_SFR_396p_900K_210,"[38, 42, 35, 57, 47, 45, 52, 27, 38, 39, 21, 72, 53, 61, 62, 69, 49, 51, 44, 68, 39, 19, 70, 66, 57, 55, 36, 58, 45, 23, 49]","['74', '61', '88', '63', '77', '76', '158', '66', '72', '73', '67', '159', '71', '64', '70', '157', '82', '69', '68', '83', '156', '154', '155', '151', '84', '85', '152', '87', '86', '153']",Cricket2_210,HEVC,SFR,396p,900
137,TNFNFL_SRC_SRC_SRC_SRC_4211,"[40, 28, 83, 69, 72, 45, 56, 72, 55, 42, 73, 59, 80, 85, 45, 52, 94, 80, 75, 74, 49, 75, 67, 70, 51, 64, 57, 52, 66, 71]","['74', '61', '88', '63', '77', '76', '158', '66', '72', '73', '67', '159', '71', '64', '70', '157', '82', '69', '68', '83', '156', '154', '155', '151', '84', '85', '152', '87', '86', '153']",TNFNFL_4211,SRC,SRC,SRC,100000
138,Cricket2_HEVC_SFR_288p_300K_210,"[34, 4, 34, 26, 29, 31, 35, 25, 59, 11, 36, 36, 25, 32, 33, 14, 27, 30, 32, 46, 39, 14, 36, 44, 16, 52, 35, 18, 9, 6, 36]","['74', '61', '88', '63', '77', '76', '158', '66', '72', '73', '67', '159', '71', '64', '70', '157', '82', '69', '68', '83', '156', '154', '155', '151', '84', '85', '152', '87', '86', '153']",Cricket2_210,HEVC,SFR,288p,300
139,TNFNFL_AVC_HFR_396p_600K_4211,"[17, 3, 14, 28, 13, 20, 20, 1, 9, 32, 33, 34, 27, 10, 26, 15, 44, 34, 55, 19, 11, 46, 34, 63, 27, 24, 27, 8, 11, 35]","['74', '61', '88', '63', '77', '76', '158', '66', '72', '73', '67', '159', '71', '64', '70', '157', '82', '69', '68', '83', '156', '154', '155', '151', '84', '85', '152', '87', '86', '153']",TNFNFL_4211,AVC,HFR,396p,600
140,EPLNight_AVC_HFR_540p_1300K_58,"[20, 31, 76, 33, 41, 29, 42, 49, 50, 38, 62, 73, 27, 40, 76, 43, 47, 39, 52, 50, 34, 36, 77, 69, 65, 57, 47, 58, 33, 48, 59]","['74', '61', '88', '63', '77', '76', '158', '66', '72', '73', '67', '159', '71', '64', '70', '157', '82', '69', '68', '83', '156', '154', '155', '151', '84', '85', '152', '87', '86', '153']",EPLNight_58,AVC,HFR,540p,1300
141,Cricket2_AVC_HFR_720p_2200K_210,"[37, 30, 83, 80, 40, 68, 78, 59, 40, 28, 83, 89, 16, 78, 41, 73, 85, 85, 68, 51, 64, 67, 97, 43, 74, 57, 28, 74, 65, 62, 61]","['74', '61', '88', '63', '77', '76', '158', '66', '72', '73', '67', '159', '71', '64', '70', '157', '82', '69', '68', '83', '156', '154', '155', '151', '84', '85', '152', '87', '86', '153']",Cricket2_210,AVC,HFR,720p,2200
142,Cricket1_HEVC_HFR_396p_900K_210,"[36, 35, 37, 50, 51, 38, 54, 46, 81, 53, 45, 60, 54, 34, 47, 53, 41, 57, 62, 67, 47, 44, 9, 57, 64, 58, 47, 37, 35, 13, 42]","['74', '61', '88', '63', '77', '76', '158', '66', '72', '73', '67', '159', '71', '64', '70', '157', '82', '69', '68', '83', '156', '154', '155', '151', '84', '85', '152', '87', '86', '153']",Cricket1_210,HEVC,HFR,396p,900
143,TNFNFL_AVC_SFR_540p_1200K_4211,"[17, 31, 67, 58, 42, 31, 48, 45, 35, 43, 55, 27, 40, 52, 39, 51, 60, 42, 53, 52, 29, 75, 43, 57, 41, 34, 20, 21, 48, 49]","['74', '61', '88', '63', '77', '76', '158', '66', '72', '73', '67', '159', '71', '64', '70', '157', '82', '69', '68', '83', '156', '154', '155', '151', '84', '85', '152', '87', '86', '153']",TNFNFL_4211,AVC,SFR,540p,1200
144,Cricket1_HEVC_HFR_288p_300K_210,"[34, 3, 36, 26, 25, 34, 53, 4, 19, 23, 40, 22, 25, 36, 39, 20, 24, 1, 32, 3, 27, 9, 49, 44, 39, 40, 1, 38, 50, 47, 29]","['74', '61', '88', '63', '77', '76', '158', '66', '72', '73', '67', '159', '71', '64', '70', '157', '82', '69', '68', '83', '156', '154', '155', '151', '84', '85', '152', '87', '86', '153']",Cricket1_210,HEVC,HFR,288p,300
145,Cricket2_HEVC_HFR_288p_300K_210,"[18, 1, 42, 13, 28, 24, 24, 14, 1, 9, 74, 48, 15, 58, 16, 39, 27, 11, 36, 14, 44, 8, 41, 24, 35, 37, 20, 57, 14, 26, 35]","['74', '61', '88', '63', '77', '76', '158', '66', '72', '73', '67', '159', '71', '64', '70', '157', '82', '69', '68', '83', '156', '154', '155', '151', '84', '85', '152', '87', '86', '153']",Cricket2_210,HEVC,HFR,288p,300
146,EPLNight_AVC_HFR_720p_2200K_58,"[37, 43, 99, 83, 56, 43, 83, 72, 73, 44, 73, 98, 80, 68, 98, 73, 80, 77, 75, 36, 43, 79, 94, 61, 81, 60, 41, 65, 77, 49, 73]","['74', '61', '88', '63', '77', '76', '158', '66', '72', '73', '67', '159', '71', '64', '70', '157', '82', '69', '68', '83', '156', '154', '155', '151', '84', '85', '152', '87', '86', '153']",EPLNight_58,AVC,HFR,720p,2200
147,USOpen_HEVC_SFR_720p_2200K_604,"[50, 84, 94, 82, 44, 63, 71, 78, 50, 73, 76, 17, 52, 49, 51, 90, 100, 76, 52, 71, 75, 81, 77, 73, 57, 71, 67, 66, 75, 73]","['74', '61', '88', '63', '77', '76', '158', '66', '72', '73', '67', '159', '71', '64', '70', '157', '82', '69', '68', '83', '156', '154', '155', '151', '84', '85', '152', '87', '86', '153']",USOpen_604,HEVC,SFR,720p,2200
148,Cricket2_AVC_SFR_540p_1200K_210,"[44, 46, 75, 72, 53, 51, 68, 55, 28, 39, 84, 74, 23, 94, 70, 39, 47, 73, 66, 65, 43, 55, 90, 74, 73, 59, 37, 50, 37, 42, 49]","['74', '61', '88', '63', '77', '76', '158', '66', '72', '73', '67', '159', '71', '64', '70', '157', '82', '69', '68', '83', '156', '154', '155', '151', '84', '85', '152', '87', '86', '153']",Cricket2_210,AVC,SFR,540p,1200
149,USOpen_AVC_SFR_396p_800K_604,"[33, 32, 58, 43, 15, 38, 46, 42, 31, 73, 60, 26, 70, 59, 38, 66, 53, 45, 62, 45, 38, 54, 56, 61, 49, 36, 58, 22, 49, 60]","['74', '61', '88', '63', '77', '76', '158', '66', '72', '73', '67', '159', '71', '64', '70', '157', '82', '69', '68', '83', '156', '154', '155', '151', '84', '85', '152', '87', '86', '153']",USOpen_604,AVC,SFR,396p,800
150,Cricket1_AVC_HFR_540p_1900K_210,"[38, 38, 78, 72, 11, 19, 63, 59, 59, 29, 79, 78, 26, 54, 38, 49, 83, 90, 79, 64, 43, 40, 84, 72, 83, 62, 28, 60, 39, 39, 57]","['74', '61', '88', '63', '77', '76', '158', '66', '72', '73', '67', '159', '71', '64', '70', '157', '82', '69', '68', '83', '156', '154', '155', '151', '84', '85', '152', '87', '86', '153']",Cricket1_210,AVC,HFR,540p,1900
151,USOpen_AVC_SFR_396p_400K_604,"[34, 31, 72, 31, 21, 31, 45, 59, 25, 35, 49, 33, 52, 55, 23, 48, 54, 34, 51, 50, 33, 52, 62, 62, 55, 44, 54, 33, 25, 50]","['74', '61', '88', '63', '77', '76', '158', '66', '72', '73', '67', '159', '71', '64', '70', '157', '82', '69', '68', '83', '156', '154', '155', '151', '84', '85', '152', '87', '86', '153']",USOpen_604,AVC,SFR,396p,400
152,Cricket2_HEVC_HFR_396p_900K_210,"[33, 27, 48, 50, 21, 63, 45, 47, 39, 16, 39, 73, 49, 32, 73, 48, 40, 49, 56, 55, 47, 41, 69, 50, 56, 46, 35, 38, 55, 26, 38]","['74', '61', '88', '63', '77', '76', '158', '66', '72', '73', '67', '159', '71', '64', '70', '157', '82', '69', '68', '83', '156', '154', '155', '151', '84', '85', '152', '87', '86', '153']",Cricket2_210,HEVC,HFR,396p,900
153,USOpen_AVC_HFR_396p_900K_604,"[32, 25, 85, 57, 59, 33, 42, 25, 30, 38, 80, 37, 66, 71, 38, 63, 48, 43, 71, 49, 52, 52, 57, 48, 57, 33, 35, 28, 37, 55]","['74', '61', '88', '63', '77', '76', '158', '66', '72', '73', '67', '159', '71', '64', '70', '157', '82', '69', '68', '83', '156', '154', '155', '151', '84', '85', '152', '87', '86', '153']",USOpen_604,AVC,HFR,396p,900
154,Cricket1_HEVC_HFR_720p_2200K_210,"[37, 32, 100, 90, 69, 53, 63, 76, 61, 49, 96, 94, 41, 64, 59, 67, 99, 100, 73, 77, 72, 64, 81, 90, 80, 47, 32, 75, 61, 65, 75]","['74', '61', '88', '63', '77', '76', '158', '66', '72', '73', '67', '159', '71', '64', '70', '157', '82', '69', '68', '83', '156', '154', '155', '151', '84', '85', '152', '87', '86', '153']",Cricket1_210,HEVC,HFR,720p,2200
155,USOpen_AVC_SFR_720p_2000K_604,"[46, 53, 86, 80, 22, 80, 72, 73, 60, 95, 81, 80, 70, 80, 72, 73, 81, 51, 91, 66, 73, 59, 59, 64, 57, 42, 66, 66, 78, 77]","['74', '61', '88', '63', '77', '76', '158', '66', '72', '73', '67', '159', '71', '64', '70', '157', '82', '69', '68', '83', '156', '154', '155', '151', '84', '85', '152', '87', '86', '153']",USOpen_604,AVC,SFR,720p,2000
156,Cricket1_AVC_SFR_396p_800K_210,"[32, 28, 62, 35, 36, 30, 27, 50, 61, 41, 36, 71, 70, 53, 49, 38, 59, 22, 50, 67, 53, 12, 60, 50, 61, 35, 16, 37, 31, 27, 44]","['74', '61', '88', '63', '77', '76', '158', '66', '72', '73', '67', '159', '71', '64', '70', '157', '82', '69', '68', '83', '156', '154', '155', '151', '84', '85', '152', '87', '86', '153']",Cricket1_210,AVC,SFR,396p,800
157,USOpen_AVC_SFR_288p_200K_604,"[33, 5, 25, 20, 11, 9, 9, 29, 2, 17, 41, 11, 36, 35, 1, 27, 33, 26, 22, 43, 17, 15, 39, 50, 41, 24, 39, 23, 3, 38]","['74', '61', '88', '63', '77', '76', '158', '66', '72', '73', '67', '159', '71', '64', '70', '157', '82', '69', '68', '83', '156', '154', '155', '151', '84', '85', '152', '87', '86', '153']",USOpen_604,AVC,SFR,288p,200
158,Cricket1_SRC_SRC_SRC_SRC_210,"[52, 42, 100, 100, 67, 77, 84, 89, 100, 24, 83, 92, 79, 86, 51, 74, 100, 100, 79, 66, 70, 62, 91, 93, 82, 75, 76, 83, 81, 96, 87]","['74', '61', '88', '63', '77', '76', '158', '66', '72', '73', '67', '159', '71', '64', '70', '157', '82', '69', '68', '83', '156', '154', '155', '151', '84', '85', '152', '87', '86', '153']",Cricket1_210,SRC,SRC,SRC,100000
159,TNFNFL_HEVC_HFR_396p_900K_4211,"[18, 27, 26, 49, 24, 32, 28, 7, 20, 27, 23, 69, 40, 27, 23, 40, 30, 31, 31, 19, 14, 19, 35, 59, 22, 26, 33, 7, 17, 40]","['74', '61', '88', '63', '77', '76', '158', '66', '72', '73', '67', '159', '71', '64', '70', '157', '82', '69', '68', '83', '156', '154', '155', '151', '84', '85', '152', '87', '86', '153']",TNFNFL_4211,HEVC,HFR,396p,900
160,Cricket2_HEVC_SFR_540p_1100K_210,"[44, 38, 71, 79, 56, 57, 53, 48, 48, 45, 93, 74, 70, 68, 43, 61, 85, 91, 71, 60, 33, 24, 63, 68, 73, 40, 54, 36, 64, 70, 61]","['74', '61', '88', '63', '77', '76', '158', '66', '72', '73', '67', '159', '71', '64', '70', '157', '82', '69', '68', '83', '156', '154', '155', '151', '84', '85', '152', '87', '86', '153']",Cricket2_210,HEVC,SFR,540p,1100
161,TNFNFL_AVC_HFR_540p_1300K_4211,"[26, 35, 58, 33, 43, 24, 27, 33, 37, 60, 63, 24, 37, 29, 23, 38, 60, 63, 67, 29, 25, 58, 34, 60, 51, 25, 39, 31, 27, 46]","['74', '61', '88', '63', '77', '76', '158', '66', '72', '73', '67', '159', '71', '64', '70', '157', '82', '69', '68', '83', '156', '154', '155', '151', '84', '85', '152', '87', '86', '153']",TNFNFL_4211,AVC,HFR,540p,1300
162,EPLNight_HEVC_HFR_288p_300K_58,"[18, 4, 2, 1, 1, 1, 6, 5, 1, 1, 17, 1, 1, 56, 2, 1, 1, 15, 7, 1, 3, 4, 2, 2, 5, 6, 1, 40, 1, 1, 19]","['74', '61', '88', '63', '77', '76', '158', '66', '72', '73', '67', '159', '71', '64', '70', '157', '82', '69', '68', '83', '156', '154', '155', '151', '84', '85', '152', '87', '86', '153']",EPLNight_58,HEVC,HFR,288p,300
163,TNFNFL_AVC_HFR_720p_2200K_4211,"[25, 26, 63, 66, 61, 49, 47, 24, 47, 79, 99, 13, 75, 42, 39, 85, 76, 67, 75, 66, 43, 75, 51, 59, 52, 60, 34, 47, 48, 50]","['74', '61', '88', '63', '77', '76', '158', '66', '72', '73', '67', '159', '71', '64', '70', '157', '82', '69', '68', '83', '156', '154', '155', '151', '84', '85', '152', '87', '86', '153']",TNFNFL_4211,AVC,HFR,720p,2200
164,EPLNight_HEVC_SFR_288p_300K_58,"[17, 2, 1, 2, 10, 1, 8, 2, 1, 3, 38, 2, 1, 1, 15, 3, 1, 1, 2, 27, 6, 3, 6, 1, 21, 12, 1, 8, 6, 1, 23]","['74', '61', '88', '63', '77', '76', '158', '66', '72', '73', '67', '159', '71', '64', '70', '157', '82', '69', '68', '83', '156', '154', '155', '151', '84', '85', '152', '87', '86', '153']",EPLNight_58,HEVC,SFR,288p,300
165,USOpen_AVC_HFR_540p_1300K_604,"[41, 41, 88, 63, 68, 51, 48, 71, 56, 71, 99, 31, 79, 68, 50, 61, 47, 68, 69, 62, 3, 48, 73, 85, 72, 60, 54, 48, 65, 76]","['74', '61', '88', '63', '77', '76', '158', '66', '72', '73', '67', '159', '71', '64', '70', '157', '82', '69', '68', '83', '156', '154', '155', '151', '84', '85', '152', '87', '86', '153']",USOpen_604,AVC,HFR,540p,1300
166,EPLNight_HEVC_HFR_720p_2200K_58,"[52, 54, 75, 66, 22, 39, 77, 65, 83, 76, 40, 97, 81, 65, 93, 67, 52, 60, 72, 52, 60, 51, 60, 76, 85, 70, 54, 48, 54, 54, 74]","['74', '61', '88', '63', '77', '76', '158', '66', '72', '73', '67', '159', '71', '64', '70', '157', '82', '69', '68', '83', '156', '154', '155', '151', '84', '85', '152', '87', '86', '153']",EPLNight_58,HEVC,HFR,720p,2200
167,Cricket1_AVC_SFR_396p_400K_210,"[30, 29, 42, 23, 32, 30, 22, 14, 26, 35, 38, 73, 35, 37, 20, 38, 40, 22, 46, 57, 35, 17, 24, 18, 59, 59, 38, 44, 24, 2, 18]","['74', '61', '88', '63', '77', '76', '158', '66', '72', '73', '67', '159', '71', '64', '70', '157', '82', '69', '68', '83', '156', '154', '155', '151', '84', '85', '152', '87', '86', '153']",Cricket1_210,AVC,SFR,396p,400
168,EPLNight_HEVC_HFR_396p_900K_58,"[39, 24, 47, 33, 23, 14, 73, 29, 29, 16, 30, 36, 3, 60, 30, 31, 42, 50, 51, 32, 30, 8, 36, 44, 47, 37, 15, 14, 3, 19, 49]","['74', '61', '88', '63', '77', '76', '158', '66', '72', '73', '67', '159', '71', '64', '70', '157', '82', '69', '68', '83', '156', '154', '155', '151', '84', '85', '152', '87', '86', '153']",EPLNight_58,HEVC,HFR,396p,900
169,Cricket2_AVC_SFR_720p_2000K_210,"[50, 39, 73, 90, 62, 83, 73, 62, 52, 64, 24, 88, 48, 58, 82, 73, 84, 84, 83, 41, 44, 70, 80, 84, 82, 49, 48, 69, 50, 39, 63]","['74', '61', '88', '63', '77', '76', '158', '66', '72', '73', '67', '159', '71', '64', '70', '157', '82', '69', '68', '83', '156', '154', '155', '151', '84', '85', '152', '87', '86', '153']",Cricket2_210,AVC,SFR,720p,2000
170,EPLNight_AVC_HFR_288p_300K_58,"[15, 12, 1, 6, 4, 2, 14, 3, 1, 1, 50, 1, 4, 26, 4, 1, 2, 1, 6, 1, 35, 10, 2, 18, 11, 17, 1, 1, 6, 1, 24]","['74', '61', '88', '63', '77', '76', '158', '66', '72', '73', '67', '159', '71', '64', '70', '157', '82', '69', '68', '83', '156', '154', '155', '151', '84', '85', '152', '87', '86', '153']",EPLNight_58,AVC,HFR,288p,300
171,TNFNFL_AVC_SFR_396p_800K_4211,"[24, 11, 27, 29, 24, 19, 4, 5, 42, 24, 47, 27, 45, 49, 36, 37, 37, 33, 27, 33, 39, 42, 44, 65, 42, 21, 31, 10, 20, 45]","['74', '61', '88', '63', '77', '76', '158', '66', '72', '73', '67', '159', '71', '64', '70', '157', '82', '69', '68', '83', '156', '154', '155', '151', '84', '85', '152', '87', '86', '153']",TNFNFL_4211,AVC,SFR,396p,800
172,Cricket2_AVC_HFR_540p_1900K_210,"[47, 38, 94, 80, 58, 57, 74, 65, 41, 40, 70, 88, 79, 56, 91, 62, 74, 90, 57, 76, 53, 57, 45, 52, 88, 43, 49, 52, 58, 49, 51]","['74', '61', '88', '63', '77', '76', '158', '66', '72', '73', '67', '159', '71', '64', '70', '157', '82', '69', '68', '83', '156', '154', '155', '151', '84', '85', '152', '87', '86', '153']",Cricket2_210,AVC,HFR,540p,1900
173,Cricket1_AVC_HFR_720p_2200K_210,"[48, 40, 89, 81, 49, 42, 60, 63, 59, 73, 20, 84, 39, 73, 67, 69, 95, 100, 74, 85, 65, 42, 83, 62, 73, 32, 72, 72, 58, 48, 63]","['74', '61', '88', '63', '77', '76', '158', '66', '72', '73', '67', '159', '71', '64', '70', '157', '82', '69', '68', '83', '156', '154', '155', '151', '84', '85', '152', '87', '86', '153']",Cricket1_210,AVC,HFR,720p,2200
174,EPLNight_AVC_HFR_540p_1900K_58,"[48, 39, 79, 59, 44, 39, 58, 62, 59, 56, 25, 73, 48, 95, 68, 66, 51, 59, 58, 49, 56, 56, 72, 53, 70, 62, 36, 38, 21, 47, 73]","['74', '61', '88', '63', '77', '76', '158', '66', '72', '73', '67', '159', '71', '64', '70', '157', '82', '69', '68', '83', '156', '154', '155', '151', '84', '85', '152', '87', '86', '153']",EPLNight_58,AVC,HFR,540p,1900
175,Cricket2_HEVC_SFR_396p_600K_210,"[36, 43, 66, 59, 50, 38, 50, 49, 20, 43, 58, 63, 37, 46, 39, 60, 46, 49, 31, 47, 46, 35, 49, 64, 66, 45, 40, 56, 21, 41, 42]","['74', '61', '88', '63', '77', '76', '158', '66', '72', '73', '67', '159', '71', '64', '70', '157', '82', '69', '68', '83', '156', '154', '155', '151', '84', '85', '152', '87', '86', '153']",Cricket2_210,HEVC,SFR,396p,600
176,Cricket1_AVC_SFR_720p_2000K_210,"[42, 35, 81, 91, 50, 45, 68, 54, 78, 24, 80, 71, 65, 74, 61, 62, 83, 84, 56, 31, 55, 50, 73, 70, 77, 27, 39, 39, 52, 25, 43]","['74', '61', '88', '63', '77', '76', '158', '66', '72', '73', '67', '159', '71', '64', '70', '157', '82', '69', '68', '83', '156', '154', '155', '151', '84', '85', '152', '87', '86', '153']",Cricket1_210,AVC,SFR,720p,2000
177,USOpen_HEVC_SFR_540p_1100K_604,"[44, 42, 72, 72, 27, 37, 56, 65, 46, 64, 84, 80, 40, 52, 45, 61, 70, 73, 62, 49, 68, 66, 65, 61, 52, 65, 42, 71, 60, 67]","['74', '61', '88', '63', '77', '76', '158', '66', '72', '73', '67', '159', '71', '64', '70', '157', '82', '69', '68', '83', '156', '154', '155', '151', '84', '85', '152', '87', '86', '153']",USOpen_604,HEVC,SFR,540p,1100
178,Cricket2_HEVC_HFR_720p_2200K_210,"[53, 46, 92, 99, 25, 78, 52, 25, 93, 45, 64, 49, 72, 41, 54, 78, 75, 89, 71, 74, 52, 87, 91, 83, 80, 57, 17, 74, 40, 62, 67]","['74', '61', '88', '63', '77', '76', '158', '66', '72', '73', '67', '159', '71', '64', '70', '157', '82', '69', '68', '83', '156', '154', '155', '151', '84', '85', '152', '87', '86', '153']",Cricket2_210,HEVC,HFR,720p,2200
179,USOpen_AVC_SFR_540p_1200K_604,"[49, 44, 58, 50, 21, 55, 60, 57, 40, 62, 60, 23, 86, 61, 34, 82, 48, 50, 60, 47, 57, 64, 69, 63, 53, 51, 54, 49, 31, 69]","['74', '61', '88', '63', '77', '76', '158', '66', '72', '73', '67', '159', '71', '64', '70', '157', '82', '69', '68', '83', '156', '154', '155', '151', '84', '85', '152', '87', '86', '153']",USOpen_604,AVC,SFR,540p,1200
180,Cricket2_HEVC_HFR_540p_1900K_210,"[46, 39, 66, 84, 51, 65, 75, 77, 43, 50, 19, 49, 59, 73, 61, 67, 75, 100, 62, 74, 55, 71, 87, 71, 74, 52, 67, 64, 56, 21, 66]","['74', '61', '88', '63', '77', '76', '158', '66', '72', '73', '67', '159', '71', '64', '70', '157', '82', '69', '68', '83', '156', '154', '155', '151', '84', '85', '152', '87', '86', '153']",Cricket2_210,HEVC,HFR,540p,1900
181,Cricket1_AVC_SFR_540p_1200K_210,"[43, 22, 80, 53, 48, 34, 34, 62, 58, 27, 41, 79, 13, 60, 43, 15, 50, 50, 68, 53, 50, 37, 75, 70, 44, 45, 32, 39, 33, 47, 41]","['74', '61', '88', '63', '77', '76', '158', '66', '72', '73', '67', '159', '71', '64', '70', '157', '82', '69', '68', '83', '156', '154', '155', '151', '84', '85', '152', '87', '86', '153']",Cricket1_210,AVC,SFR,540p,1200
182,Cricket2_AVC_HFR_396p_900K_210,"[40, 31, 62, 60, 49, 38, 62, 45, 39, 37, 50, 75, 41, 55, 64, 46, 46, 70, 40, 63, 31, 50, 68, 65, 58, 58, 43, 41, 42, 23, 54]","['74', '61', '88', '63', '77', '76', '158', '66', '72', '73', '67', '159', '71', '64', '70', '157', '82', '69', '68', '83', '156', '154', '155', '151', '84', '85', '152', '87', '86', '153']",Cricket2_210,AVC,HFR,396p,900
183,Cricket1_HEVC_SFR_720p_2200K_210,"[48, 44, 99, 97, 73, 53, 57, 80, 100, 28, 85, 84, 58, 68, 40, 67, 85, 94, 66, 77, 55, 59, 83, 100, 81, 48, 36, 65, 67, 74, 64]","['74', '61', '88', '63', '77', '76', '158', '66', '72', '73', '67', '159', '71', '64', '70', '157', '82', '69', '68', '83', '156', '154', '155', '151', '84', '85', '152', '87', '86', '153']",Cricket1_210,HEVC,SFR,720p,2200
184,TNFNFL_AVC_SFR_396p_400K_4211,"[24, 17, 18, 11, 14, 16, 26, 58, 10, 10, 26, 21, 40, 32, 18, 12, 42, 34, 23, 17, 6, 15, 26, 30, 50, 1, 28, 2, 26, 33]","['74', '61', '88', '63', '77', '76', '158', '66', '72', '73', '67', '159', '71', '64', '70', '157', '82', '69', '68', '83', '156', '154', '155', '151', '84', '85', '152', '87', '86', '153']",TNFNFL_4211,AVC,SFR,396p,400
185,EPLNight_HEVC_HFR_540p_1900K_58,"[49, 24, 64, 59, 51, 36, 69, 47, 23, 48, 34, 99, 59, 61, 82, 58, 61, 32, 47, 55, 48, 48, 66, 67, 76, 57, 49, 43, 56, 50, 65]","['74', '61', '88', '63', '77', '76', '158', '66', '72', '73', '67', '159', '71', '64', '70', '157', '82', '69', '68', '83', '156', '154', '155', '151', '84', '85', '152', '87', '86', '153']",EPLNight_58,HEVC,HFR,540p,1900
186,Cricket1_HEVC_HFR_540p_1100K_210,"[49, 29, 76, 56, 49, 43, 78, 38, 25, 58, 90, 83, 52, 65, 15, 62, 49, 83, 63, 52, 50, 15, 63, 68, 56, 60, 23, 35, 42, 1, 50]","['74', '61', '88', '63', '77', '76', '158', '66', '72', '73', '67', '159', '71', '64', '70', '157', '82', '69', '68', '83', '156', '154', '155', '151', '84', '85', '152', '87', '86', '153']",Cricket1_210,HEVC,HFR,540p,1100
187,USOpen_AVC_HFR_396p_600K_604,"[37, 27, 73, 35, 47, 33, 49, 39, 25, 40, 96, 20, 45, 49, 41, 50, 50, 53, 59, 61, 38, 59, 43, 59, 49, 47, 53, 29, 25, 52]","['74', '61', '88', '63', '77', '76', '158', '66', '72', '73', '67', '159', '71', '64', '70', '157', '82', '69', '68', '83', '156', '154', '155', '151', '84', '85', '152', '87', '86', '153']",USOpen_604,AVC,HFR,396p,600
188,Cricket1_AVC_SFR_288p_200K_210,"[14, 12, 23, 7, 15, 7, 19, 4, 24, 7, 6, 5, 21, 26, 30, 5, 1, 24, 27, 5, 19, 8, 4, 23, 23, 39, 8, 13, 3, 1, 21]","['74', '61', '88', '63', '77', '76', '158', '66', '72', '73', '67', '159', '71', '64', '70', '157', '82', '69', '68', '83', '156', '154', '155', '151', '84', '85', '152', '87', '86', '153']",Cricket1_210,AVC,SFR,288p,200
189,Cricket2_SRC_SRC_SRC_SRC_210,"[51, 51, 84, 100, 71, 65, 90, 84, 88, 99, 95, 100, 75, 98, 91, 87, 97, 100, 78, 81, 64, 87, 99, 97, 89, 31, 56, 67, 70, 67, 84]","['74', '61', '88', '63', '77', '76', '158', '66', '72', '73', '67', '159', '71', '64', '70', '157', '82', '69', '68', '83', '156', '154', '155', '151', '84', '85', '152', '87', '86', '153']",Cricket2_210,SRC,SRC,SRC,100000
190,Cricket1_HEVC_SFR_396p_600K_210,"[41, 37, 28, 24, 51, 39, 46, 27, 58, 49, 46, 41, 13, 71, 40, 32, 38, 50, 45, 37, 39, 26, 64, 32, 67, 46, 25, 51, 10, 24, 50]","['74', '61', '88', '63', '77', '76', '158', '66', '72', '73', '67', '159', '71', '64', '70', '157', '82', '69', '68', '83', '156', '154', '155', '151', '84', '85', '152', '87', '86', '153']",Cricket1_210,HEVC,SFR,396p,600
191,Cricket2_AVC_SFR_396p_800K_210,"[39, 43, 84, 38, 48, 44, 46, 43, 58, 49, 40, 85, 32, 75, 25, 48, 30, 54, 69, 45, 35, 65, 65, 56, 62, 50, 27, 45, 33, 22, 43]","['74', '61', '88', '63', '77', '76', '158', '66', '72', '73', '67', '159', '71', '64', '70', '157', '82', '69', '68', '83', '156', '154', '155', '151', '84', '85', '152', '87', '86', '153']",Cricket2_210,AVC,SFR,396p,800
192,TNFNFL_AVC_HFR_540p_1900K_4211,"[39, 41, 64, 70, 46, 32, 40, 34, 26, 26, 68, 17, 42, 64, 37, 38, 47, 63, 63, 33, 38, 53, 72, 81, 40, 39, 57, 19, 24, 44]","['74', '61', '88', '63', '77', '76', '158', '66', '72', '73', '67', '159', '71', '64', '70', '157', '82', '69', '68', '83', '156', '154', '155', '151', '84', '85', '152', '87', '86', '153']",TNFNFL_4211,AVC,HFR,540p,1900
193,EPLNight_SRC_SRC_SRC_SRC_58,"[68, 79, 100, 100, 94, 80, 100, 93, 100, 98, 97, 100, 99, 100, 100, 95, 100, 100, 100, 94, 97, 95, 99, 100, 99, 94, 45, 95, 96, 100, 98]","['74', '61', '88', '63', '77', '76', '158', '66', '72', '73', '67', '159', '71', '64', '70', '157', '82', '69', '68', '83', '156', '154', '155', '151', '84', '85', '152', '87', '86', '153']",EPLNight_58,SRC,SRC,SRC,100000
194,Cricket1_AVC_HFR_540p_1300K_210,"[38, 49, 77, 51, 61, 42, 40, 45, 71, 50, 85, 75, 61, 36, 36, 42, 90, 33, 68, 68, 43, 46, 92, 51, 81, 42, 43, 37, 30, 14, 45]","['74', '61', '88', '63', '77', '76', '158', '66', '72', '73', '67', '159', '71', '64', '70', '157', '82', '69', '68', '83', '156', '154', '155', '151', '84', '85', '152', '87', '86', '153']",Cricket1_210,AVC,HFR,540p,1300
195,TNFNFL_HEVC_HFR_540p_1900K_4211,"[39, 38, 45, 64, 26, 29, 36, 37, 55, 69, 74, 16, 69, 26, 25, 32, 36, 66, 70, 59, 23, 50, 62, 47, 39, 51, 54, 23, 47, 41]","['74', '61', '88', '63', '77', '76', '158', '66', '72', '73', '67', '159', '71', '64', '70', '157', '82', '69', '68', '83', '156', '154', '155', '151', '84', '85', '152', '87', '86', '153']",TNFNFL_4211,HEVC,HFR,540p,1900
196,Cricket2_AVC_SFR_396p_400K_210,"[38, 25, 54, 32, 21, 32, 28, 25, 57, 36, 59, 66, 3, 56, 34, 42, 39, 40, 40, 58, 39, 21, 54, 31, 60, 33, 7, 39, 44, 31, 47]","['74', '61', '88', '63', '77', '76', '158', '66', '72', '73', '67', '159', '71', '64', '70', '157', '82', '69', '68', '83', '156', '154', '155', '151', '84', '85', '152', '87', '86', '153']",Cricket2_210,AVC,SFR,396p,400
197,Cricket1_AVC_HFR_396p_600K_210,"[36, 37, 35, 22, 47, 33, 38, 21, 49, 43, 33, 68, 57, 69, 50, 43, 49, 70, 40, 56, 37, 10, 16, 45, 63, 30, 34, 36, 25, 24, 33]","['74', '61', '88', '63', '77', '76', '158', '66', '72', '73', '67', '159', '71', '64', '70', '157', '82', '69', '68', '83', '156', '154', '155', '151', '84', '85', '152', '87', '86', '153']",Cricket1_210,AVC,HFR,396p,600
198,EPLNight_HEVC_SFR_720p_2200K_58,"[51, 50, 84, 55, 56, 34, 45, 74, 62, 62, 91, 77, 82, 85, 77, 86, 99, 89, 76, 61, 67, 70, 89, 78, 75, 55, 47, 66, 85, 80, 81]","['74', '61', '88', '63', '77', '76', '158', '66', '72', '73', '67', '159', '71', '64', '70', '157', '82', '69', '68', '83', '156', '154', '155', '151', '84', '85', '152', '87', '86', '153']",EPLNight_58,HEVC,SFR,720p,2200
199,TNFNFL_HEVC_SFR_396p_600K_4211,"[33, 21, 19, 23, 17, 19, 24, 9, 24, 32, 51, 7, 66, 8, 13, 20, 32, 34, 29, 31, 8, 31, 27, 58, 43, 13, 58, 3, 10, 41]","['74', '61', '88', '63', '77', '76', '158', '66', '72', '73', '67', '159', '71', '64', '70', '157', '82', '69', '68', '83', '156', '154', '155', '151', '84', '85', '152', '87', '86', '153']",TNFNFL_4211,HEVC,SFR,396p,600
200,USOpen_HEVC_HFR_540p_1900K_604,"[44, 45, 98, 34, 73, 38, 69, 39, 56, 32, 100, 73, 78, 73, 50, 74, 51, 69, 76, 66, 54, 69, 78, 80, 70, 51, 59, 63, 72, 65]","['74', '61', '88', '63', '77', '76', '158', '66', '72', '73', '67', '159', '71', '64', '70', '157', '82', '69', '68', '83', '156', '154', '155', '151', '84', '85', '152', '87', '86', '153']",USOpen_604,HEVC,HFR,540p,1900
201,EPLNight_AVC_SFR_396p_400K_58,"[31, 26, 38, 24, 10, 4, 19, 25, 12, 33, 26, 60, 28, 66, 21, 13, 26, 18, 23, 19, 21, 33, 13, 13, 48, 42, 16, 16, 5, 1, 36]","['74', '61', '88', '63', '77', '76', '158', '66', '72', '73', '67', '159', '71', '64', '70', '157', '82', '69', '68', '83', '156', '154', '155', '151', '84', '85', '152', '87', '86', '153']",EPLNight_58,AVC,SFR,396p,400
202,TNFNFL_HEVC_SFR_540p_1100K_4211,"[31, 25, 47, 37, 17, 40, 39, 41, 10, 43, 55, 13, 39, 62, 26, 27, 41, 48, 44, 15, 21, 27, 49, 65, 44, 24, 56, 18, 1, 37]","['74', '61', '88', '63', '77', '76', '158', '66', '72', '73', '67', '159', '71', '64', '70', '157', '82', '69', '68', '83', '156', '154', '155', '151', '84', '85', '152', '87', '86', '153']",TNFNFL_4211,HEVC,SFR,540p,1100
203,Cricket1_AVC_SFR_540p_1800K_210,"[49, 43, 58, 77, 30, 31, 64, 44, 54, 53, 58, 70, 47, 58, 57, 53, 74, 100, 70, 68, 39, 46, 73, 75, 62, 25, 37, 54, 49, 30, 47]","['74', '61', '88', '63', '77', '76', '158', '66', '72', '73', '67', '159', '71', '64', '70', '157', '82', '69', '68', '83', '156', '154', '155', '151', '84', '85', '152', '87', '86', '153']",Cricket1_210,AVC,SFR,540p,1800
204,USOpen_HEVC_HFR_720p_2200K_604,"[51, 53, 97, 79, 77, 69, 73, 60, 74, 96, 100, 79, 93, 89, 76, 91, 89, 74, 88, 59, 75, 93, 76, 69, 55, 62, 66, 70, 49, 79]","['74', '61', '88', '63', '77', '76', '158', '66', '72', '73', '67', '159', '71', '64', '70', '157', '82', '69', '68', '83', '156', '154', '155', '151', '84', '85', '152', '87', '86', '153']",USOpen_604,HEVC,HFR,720p,2200
205,Cricket1_HEVC_SFR_396p_900K_210,"[38, 23, 71, 79, 46, 50, 29, 36, 69, 50, 46, 55, 44, 38, 19, 50, 47, 65, 52, 53, 51, 23, 48, 53, 67, 49, 49, 54, 48, 15, 46]","['74', '61', '88', '63', '77', '76', '158', '66', '72', '73', '67', '159', '71', '64', '70', '157', '82', '69', '68', '83', '156', '154', '155', '151', '84', '85', '152', '87', '86', '153']",Cricket1_210,HEVC,SFR,396p,900
206,EPLNight_AVC_HFR_396p_900K_58,"[37, 33, 56, 28, 19, 8, 38, 38, 58, 34, 26, 27, 28, 63, 58, 42, 28, 43, 51, 2, 43, 23, 50, 50, 51, 48, 26, 39, 10, 4, 42]","['74', '61', '88', '63', '77', '76', '158', '66', '72', '73', '67', '159', '71', '64', '70', '157', '82', '69', '68', '83', '156', '154', '155', '151', '84', '85', '152', '87', '86', '153']",EPLNight_58,AVC,HFR,396p,900
207,TNFNFL_HEVC_SFR_396p_900K_4211,"[35, 44, 67, 40, 32, 17, 28, 11, 14, 20, 32, 27, 58, 21, 19, 27, 37, 40, 43, 35, 13, 35, 47, 71, 40, 23, 62, 7, 11, 46]","['74', '61', '88', '63', '77', '76', '158', '66', '72', '73', '67', '159', '71', '64', '70', '157', '82', '69', '68', '83', '156', '154', '155', '151', '84', '85', '152', '87', '86', '153']",TNFNFL_4211,HEVC,SFR,396p,900
208,Cricket2_AVC_SFR_540p_1800K_210,"[53, 31, 93, 83, 53, 64, 73, 50, 51, 61, 52, 88, 100, 81, 29, 78, 98, 76, 71, 74, 40, 69, 60, 73, 85, 45, 54, 51, 49, 42, 65]","['74', '61', '88', '63', '77', '76', '158', '66', '72', '73', '67', '159', '71', '64', '70', '157', '82', '69', '68', '83', '156', '154', '155', '151', '84', '85', '152', '87', '86', '153']",Cricket2_210,AVC,SFR,540p,1800
209,USOpen_HEVC_HFR_396p_900K_604,"[41, 32, 73, 43, 26, 26, 41, 62, 39, 53, 97, 68, 72, 74, 21, 74, 47, 46, 48, 60, 35, 38, 50, 61, 54, 43, 50, 20, 50, 50]","['74', '61', '88', '63', '77', '76', '158', '66', '72', '73', '67', '159', '71', '64', '70', '157', '82', '69', '68', '83', '156', '154', '155', '151', '84', '85', '152', '87', '86', '153']",USOpen_604,HEVC,HFR,396p,900
210,EPLNight_HEVC_HFR_396p_600K_58,"[32, 16, 16, 14, 11, 5, 22, 49, 1, 3, 36, 21, 15, 63, 26, 1, 38, 15, 26, 39, 29, 7, 11, 25, 29, 26, 12, 46, 6, 1, 36]","['74', '61', '88', '63', '77', '76', '158', '66', '72', '73', '67', '159', '71', '64', '70', '157', '82', '69', '68', '83', '156', '154', '155', '151', '84', '85', '152', '87', '86', '153']",EPLNight_58,HEVC,HFR,396p,600
211,TNFNFL_HEVC_HFR_288p_300K_4211,"[14, 12, 1, 8, 1, 8, 6, 1, 45, 20, 1, 1, 2, 19, 1, 1, 1, 10, 1, 16, 6, 1, 1, 48, 12, 1, 1, 4, 1, 14]","['74', '61', '88', '63', '77', '76', '158', '66', '72', '73', '67', '159', '71', '64', '70', '157', '82', '69', '68', '83', '156', '154', '155', '151', '84', '85', '152', '87', '86', '153']",TNFNFL_4211,HEVC,HFR,288p,300
212,EPLNight_HEVC_SFR_540p_1900K_58,"[53, 43, 93, 49, 61, 31, 64, 52, 34, 48, 33, 55, 17, 72, 80, 66, 74, 60, 45, 64, 54, 53, 70, 58, 72, 63, 34, 34, 56, 75, 62]","['74', '61', '88', '63', '77', '76', '158', '66', '72', '73', '67', '159', '71', '64', '70', '157', '82', '69', '68', '83', '156', '154', '155', '151', '84', '85', '152', '87', '86', '153']",EPLNight_58,HEVC,SFR,540p,1900
213,USOpen_HEVC_HFR_288p_300K_604,"[34, 22, 40, 27, 26, 30, 17, 23, 25, 49, 61, 11, 51, 49, 7, 34, 15, 34, 52, 33, 24, 48, 32, 78, 45, 20, 40, 18, 10, 51]","['74', '61', '88', '63', '77', '76', '158', '66', '72', '73', '67', '159', '71', '64', '70', '157', '82', '69', '68', '83', '156', '154', '155', '151', '84', '85', '152', '87', '86', '153']",USOpen_604,HEVC,HFR,288p,300
214,EPLNight_HEVC_SFR_540p_1100K_58,"[44, 42, 88, 38, 49, 38, 49, 49, 48, 52, 52, 75, 50, 58, 42, 49, 34, 42, 45, 43, 29, 36, 38, 44, 60, 49, 39, 37, 34, 45, 52]","['74', '61', '88', '63', '77', '76', '158', '66', '72', '73', '67', '159', '71', '64', '70', '157', '82', '69', '68', '83', '156', '154', '155', '151', '84', '85', '152', '87', '86', '153']",EPLNight_58,HEVC,SFR,540p,1100
215,Cricket2_AVC_HFR_540p_1300K_210,"[46, 44, 61, 72, 68, 56, 39, 47, 29, 30, 35, 74, 41, 42, 62, 60, 74, 43, 66, 64, 54, 17, 59, 62, 70, 58, 23, 53, 43, 38, 45]","['74', '61', '88', '63', '77', '76', '158', '66', '72', '73', '67', '159', '71', '64', '70', '157', '82', '69', '68', '83', '156', '154', '155', '151', '84', '85', '152', '87', '86', '153']",Cricket2_210,AVC,HFR,540p,1300
216,EPLNight_AVC_SFR_288p_200K_58,"[13, 3, 1, 1, 11, 1, 5, 5, 1, 3, 10, 1, 1, 11, 2, 2, 1, 1, 3, 45, 8, 15, 3, 4, 6, 10, 1, 5, 2, 1, 13]","['74', '61', '88', '63', '77', '76', '158', '66', '72', '73', '67', '159', '71', '64', '70', '157', '82', '69', '68', '83', '156', '154', '155', '151', '84', '85', '152', '87', '86', '153']",EPLNight_58,AVC,SFR,288p,200
217,USOpen_HEVC_SFR_540p_1900K_604,"[49, 30, 80, 69, 30, 54, 60, 29, 48, 74, 66, 58, 57, 47, 41, 85, 63, 69, 61, 49, 53, 66, 67, 73, 49, 46, 44, 44, 68, 66]","['74', '61', '88', '63', '77', '76', '158', '66', '72', '73', '67', '159', '71', '64', '70', '157', '82', '69', '68', '83', '156', '154', '155', '151', '84', '85', '152', '87', '86', '153']",USOpen_604,HEVC,SFR,540p,1900
218,EPLNight_AVC_SFR_540p_1800K_58,"[43, 32, 78, 18, 28, 39, 39, 60, 72, 55, 52, 65, 61, 67, 65, 33, 50, 58, 42, 51, 54, 57, 63, 75, 49, 60, 25, 45, 56, 50, 73]","['74', '61', '88', '63', '77', '76', '158', '66', '72', '73', '67', '159', '71', '64', '70', '157', '82', '69', '68', '83', '156', '154', '155', '151', '84', '85', '152', '87', '86', '153']",EPLNight_58,AVC,SFR,540p,1800
219,USOpen_AVC_SFR_540p_1800K_604,"[47, 41, 55, 66, 21, 44, 63, 39, 27, 44, 61, 52, 87, 64, 42, 64, 56, 68, 82, 72, 51, 60, 55, 76, 57, 51, 42, 55, 68, 60]","['74', '61', '88', '63', '77', '76', '158', '66', '72', '73', '67', '159', '71', '64', '70', '157', '82', '69', '68', '83', '156', '154', '155', '151', '84', '85', '152', '87', '86', '153']",USOpen_604,AVC,SFR,540p,1800
220,Cricket1_HEVC_HFR_396p_600K_210,"[40, 40, 42, 37, 24, 36, 35, 48, 76, 47, 35, 81, 27, 62, 16, 23, 38, 5, 31, 60, 42, 15, 47, 42, 44, 35, 30, 29, 27, 9, 39]","['74', '61', '88', '63', '77', '76', '158', '66', '72', '73', '67', '159', '71', '64', '70', '157', '82', '69', '68', '83', '156', '154', '155', '151', '84', '85', '152', '87', '86', '153']",Cricket1_210,HEVC,HFR,396p,600
221,USOpen_HEVC_HFR_396p_600K_604,"[37, 35, 71, 26, 49, 38, 34, 61, 53, 80, 79, 15, 44, 75, 38, 51, 52, 48, 64, 47, 32, 26, 63, 63, 49, 34, 60, 21, 27, 43]","['74', '61', '88', '63', '77', '76', '158', '66', '72', '73', '67', '159', '71', '64', '70', '157', '82', '69', '68', '83', '156', '154', '155', '151', '84', '85', '152', '87', '86', '153']",USOpen_604,HEVC,HFR,396p,600
222,TNFNFL_AVC_SFR_288p_200K_4211,"[15, 8, 1, 1, 2, 6, 3, 1, 2, 19, 6, 15, 2, 8, 1, 1, 1, 6, 1, 20, 4, 3, 17, 5, 2, 1, 36, 2, 1, 17]","['74', '61', '88', '63', '77', '76', '158', '66', '72', '73', '67', '159', '71', '64', '70', '157', '82', '69', '68', '83', '156', '154', '155', '151', '84', '85', '152', '87', '86', '153']",TNFNFL_4211,AVC,SFR,288p,200
223,USOpen_AVC_HFR_720p_2200K_604,"[53, 37, 100, 81, 78, 60, 74, 82, 68, 92, 100, 34, 79, 90, 68, 84, 79, 76, 82, 82, 85, 95, 82, 83, 74, 76, 45, 68, 76, 77]","['74', '61', '88', '63', '77', '76', '158', '66', '72', '73', '67', '159', '71', '64', '70', '157', '82', '69', '68', '83', '156', '154', '155', '151', '84', '85', '152', '87', '86', '153']",USOpen_604,AVC,HFR,720p,2200
224,TNFNFL_HEVC_SFR_288p_300K_4211,"[21, 42, 2, 1, 3, 9, 4, 2, 1, 19, 8, 22, 37, 3, 10, 1, 14, 11, 3, 15, 4, 7, 24, 22, 5, 1, 19, 4, 26, 13]","['74', '61', '88', '63', '77', '76', '158', '66', '72', '73', '67', '159', '71', '64', '70', '157', '82', '69', '68', '83', '156', '154', '155', '151', '84', '85', '152', '87', '86', '153']",TNFNFL_4211,HEVC,SFR,288p,300
225,Cricket2_AVC_HFR_396p_600K_210,"[36, 36, 46, 51, 23, 30, 53, 36, 63, 35, 49, 50, 48, 59, 52, 40, 56, 49, 54, 69, 33, 20, 24, 55, 58, 45, 39, 51, 32, 27, 41]","['74', '61', '88', '63', '77', '76', '158', '66', '72', '73', '67', '159', '71', '64', '70', '157', '82', '69', '68', '83', '156', '154', '155', '151', '84', '85', '152', '87', '86', '153']",Cricket2_210,AVC,HFR,396p,600
226,TNFNFL_AVC_HFR_396p_900K_4211,"[25, 20, 26, 38, 23, 26, 25, 23, 38, 32, 49, 14, 34, 28, 17, 14, 36, 46, 33, 41, 27, 47, 49, 65, 55, 17, 54, 3, 20, 39]","['74', '61', '88', '63', '77', '76', '158', '66', '72', '73', '67', '159', '71', '64', '70', '157', '82', '69', '68', '83', '156', '154', '155', '151', '84', '85', '152', '87', '86', '153']",TNFNFL_4211,AVC,HFR,396p,900
227,EPLNight_HEVC_SFR_396p_600K_58,"[38, 27, 57, 31, 22, 21, 50, 12, 15, 17, 18, 27, 45, 49, 45, 8, 26, 20, 36, 3, 31, 18, 44, 51, 28, 41, 40, 16, 19, 4, 43]","['74', '61', '88', '63', '77', '76', '158', '66', '72', '73', '67', '159', '71', '64', '70', '157', '82', '69', '68', '83', '156', '154', '155', '151', '84', '85', '152', '87', '86', '153']",EPLNight_58,HEVC,SFR,396p,600
228,TNFNFL_HEVC_SFR_540p_1900K_4211,"[36, 34, 29, 65, 49, 20, 32, 37, 39, 46, 30, 15, 45, 52, 40, 48, 73, 64, 56, 38, 27, 41, 57, 57, 36, 48, 60, 39, 1, 50]","['74', '61', '88', '63', '77', '76', '158', '66', '72', '73', '67', '159', '71', '64', '70', '157', '82', '69', '68', '83', '156', '154', '155', '151', '84', '85', '152', '87', '86', '153']",TNFNFL_4211,HEVC,SFR,540p,1900
229,Cricket2_HEVC_HFR_540p_1100K_210,"[50, 28, 84, 59, 64, 34, 51, 57, 27, 47, 88, 55, 53, 64, 71, 65, 93, 99, 62, 49, 46, 65, 67, 70, 83, 44, 24, 65, 32, 46, 60]","['74', '61', '88', '63', '77', '76', '158', '66', '72', '73', '67', '159', '71', '64', '70', '157', '82', '69', '68', '83', '156', '154', '155', '151', '84', '85', '152', '87', '86', '153']",Cricket2_210,HEVC,HFR,540p,1100
230,EPLNight_HEVC_HFR_540p_1100K_58,"[38, 48, 65, 27, 31, 32, 55, 50, 64, 38, 49, 49, 55, 58, 56, 49, 50, 53, 64, 50, 66, 18, 77, 52, 63, 51, 41, 45, 22, 24, 58]","['74', '61', '88', '63', '77', '76', '158', '66', '72', '73', '67', '159', '71', '64', '70', '157', '82', '69', '68', '83', '156', '154', '155', '151', '84', '85', '152', '87', '86', '153']",EPLNight_58,HEVC,HFR,540p,1100
231,Cricket2_HEVC_SFR_540p_1900K_210,"[52, 31, 76, 87, 69, 82, 48, 59, 73, 36, 47, 74, 59, 54, 74, 78, 75, 100, 90, 89, 45, 70, 76, 73, 76, 39, 75, 77, 53, 60, 61]","['74', '61', '88', '63', '77', '76', '158', '66', '72', '73', '67', '159', '71', '64', '70', '157', '82', '69', '68', '83', '156', '154', '155', '151', '84', '85', '152', '87', '86', '153']",Cricket2_210,HEVC,SFR,540p,1900
232,USOpen_HEVC_SFR_288p_300K_604,"[34, 13, 77, 29, 29, 30, 27, 16, 15, 35, 67, 14, 33, 38, 7, 40, 22, 32, 21, 47, 24, 4, 49, 34, 43, 35, 36, 2, 20, 42]","['74', '61', '88', '63', '77', '76', '158', '66', '72', '73', '67', '159', '71', '64', '70', '157', '82', '69', '68', '83', '156', '154', '155', '151', '84', '85', '152', '87', '86', '153']",USOpen_604,HEVC,SFR,288p,300
233,EPLNight_AVC_SFR_396p_800K_58,"[40, 40, 37, 28, 19, 18, 21, 33, 15, 50, 18, 41, 53, 43, 36, 25, 42, 41, 38, 7, 27, 31, 30, 36, 42, 42, 17, 14, 3, 12, 45]","['74', '61', '88', '63', '77', '76', '158', '66', '72', '73', '67', '159', '71', '64', '70', '157', '82', '69', '68', '83', '156', '154', '155', '151', '84', '85', '152', '87', '86', '153']",EPLNight_58,AVC,SFR,396p,800
234,Cricket1_HEVC_HFR_540p_1900K_210,"[47, 52, 95, 83, 57, 41, 55, 71, 100, 47, 22, 72, 38, 72, 54, 61, 67, 93, 79, 46, 57, 21, 49, 73, 83, 56, 55, 33, 35, 45, 63]","['74', '61', '88', '63', '77', '76', '158', '66', '72', '73', '67', '159', '71', '64', '70', '157', '82', '69', '68', '83', '156', '154', '155', '151', '84', '85', '152', '87', '86', '153']",Cricket1_210,HEVC,HFR,540p,1900
235,EPLNight_AVC_HFR_396p_600K_58,"[34, 32, 14, 17, 15, 8, 36, 12, 26, 46, 34, 49, 10, 36, 35, 11, 34, 39, 31, 11, 29, 27, 25, 39, 15, 27, 3, 33, 3, 4, 36]","['74', '61', '88', '63', '77', '76', '158', '66', '72', '73', '67', '159', '71', '64', '70', '157', '82', '69', '68', '83', '156', '154', '155', '151', '84', '85', '152', '87', '86', '153']",EPLNight_58,AVC,HFR,396p,600
236,Cricket2_AVC_HFR_288p_300K_210,"[33, 33, 22, 29, 26, 14, 31, 14, 44, 16, 51, 25, 14, 34, 40, 19, 27, 30, 26, 63, 44, 15, 25, 27, 25, 52, 1, 9, 4, 1, 26]","['74', '61', '88', '63', '77', '76', '158', '66', '72', '73', '67', '159', '71', '64', '70', '157', '82', '69', '68', '83', '156', '154', '155', '151', '84', '85', '152', '87', '86', '153']",Cricket2_210,AVC,HFR,288p,300
237,TNFNFL_HEVC_HFR_540p_1100K_4211,"[38, 10, 63, 29, 50, 20, 31, 61, 34, 31, 28, 27, 67, 21, 49, 49, 49, 38, 58, 35, 19, 43, 38, 63, 43, 36, 51, 18, 49, 43]","['74', '61', '88', '63', '77', '76', '158', '66', '72', '73', '67', '159', '71', '64', '70', '157', '82', '69', '68', '83', '156', '154', '155', '151', '84', '85', '152', '87', '86', '153']",TNFNFL_4211,HEVC,HFR,540p,1100
238,Cricket1_AVC_HFR_288p_300K_210,"[35, 7, 31, 12, 54, 36, 8, 2, 1, 25, 47, 31, 13, 38, 18, 12, 13, 14, 26, 5, 28, 9, 27, 30, 60, 22, 6, 12, 25, 41, 21]","['74', '61', '88', '63', '77', '76', '158', '66', '72', '73', '67', '159', '71', '64', '70', '157', '82', '69', '68', '83', '156', '154', '155', '151', '84', '85', '152', '87', '86', '153']",Cricket1_210,AVC,HFR,288p,300
239,USOpen_SRC_SRC_SRC_SRC_604,"[55, 41, 98, 93, 44, 78, 70, 47, 58, 74, 74, 40, 82, 77, 85, 86, 87, 76, 68, 66, 77, 52, 82, 72, 72, 49, 66, 67, 73, 97]","['74', '61', '88', '63', '77', '76', '158', '66', '72', '73', '67', '159', '71', '64', '70', '157', '82', '69', '68', '83', '156', '154', '155', '151', '84', '85', '152', '87', '86', '153']",USOpen_604,SRC,SRC,SRC,100000
240,Cricket2_HEVC_HFR_396p_600K_210,"[44, 30, 79, 72, 32, 52, 22, 51, 61, 42, 23, 71, 20, 62, 32, 49, 13, 50, 61, 54, 42, 18, 50, 42, 63, 33, 27, 34, 21, 25, 38]","['74', '61', '88', '63', '77', '76', '158', '66', '72', '73', '67', '159', '71', '64', '70', '157', '82', '69', '68', '83', '156', '154', '155', '151', '84', '85', '152', '87', '86', '153']",Cricket2_210,HEVC,HFR,396p,600
241,USOpen_AVC_HFR_540p_1900K_604,"[46, 53, 79, 71, 72, 51, 65, 63, 48, 71, 98, 23, 88, 77, 66, 90, 51, 58, 49, 53, 55, 82, 65, 72, 50, 64, 41, 58, 76, 74]","['74', '61', '88', '63', '77', '76', '158', '66', '72', '73', '67', '159', '71', '64', '70', '157', '82', '69', '68', '83', '156', '154', '155', '151', '84', '85', '152', '87', '86', '153']",USOpen_604,AVC,HFR,540p,1900
242,Cricket1_AVC_HFR_396p_900K_210,"[44, 39, 52, 60, 48, 27, 44, 37, 40, 23, 45, 36, 39, 68, 22, 48, 61, 36, 62, 51, 52, 24, 62, 46, 68, 57, 33, 40, 13, 29, 41]","['74', '61', '88', '63', '77', '76', '158', '66', '72', '73', '67', '159', '71', '64', '70', '157', '82', '69', '68', '83', '156', '154', '155', '151', '84', '85', '152', '87', '86', '153']",Cricket1_210,AVC,HFR,396p,900
243,USOpen_HEVC_SFR_396p_600K_604,"[43, 29, 72, 37, 20, 33, 27, 43, 36, 70, 77, 43, 57, 33, 21, 49, 52, 41, 53, 55, 44, 57, 55, 61, 51, 49, 45, 44, 34, 45]","['74', '61', '88', '63', '77', '76', '158', '66', '72', '73', '67', '159', '71', '64', '70', '157', '82', '69', '68', '83', '156', '154', '155', '151', '84', '85', '152', '87', '86', '153']",USOpen_604,HEVC,SFR,396p,600
244,EPLNight_AVC_SFR_540p_1200K_58,"[44, 18, 60, 35, 33, 20, 57, 49, 52, 26, 32, 74, 21, 73, 53, 47, 74, 52, 50, 50, 50, 31, 58, 49, 28, 55, 34, 64, 55, 38, 49]","['74', '61', '88', '63', '77', '76', '158', '66', '72', '73', '67', '159', '71', '64', '70', '157', '82', '69', '68', '83', '156', '154', '155', '151', '84', '85', '152', '87', '86', '153']",EPLNight_58,AVC,SFR,540p,1200
245,USOpen_HEVC_HFR_540p_1100K_604,"[48, 43, 89, 55, 57, 37, 61, 50, 58, 46, 96, 56, 72, 89, 54, 74, 69, 60, 70, 66, 70, 60, 73, 79, 68, 49, 43, 47, 64, 69]","['74', '61', '88', '63', '77', '76', '158', '66', '72', '73', '67', '159', '71', '64', '70', '157', '82', '69', '68', '83', '156', '154', '155', '151', '84', '85', '152', '87', '86', '153']",USOpen_604,HEVC,HFR,540p,1100
246,EPLNight_HEVC_SFR_396p_900K_58,"[41, 33, 38, 27, 30, 16, 41, 46, 11, 20, 41, 50, 18, 47, 44, 50, 33, 28, 37, 28, 55, 26, 59, 27, 69, 34, 17, 44, 16, 23, 43]","['74', '61', '88', '63', '77', '76', '158', '66', '72', '73', '67', '159', '71', '64', '70', '157', '82', '69', '68', '83', '156', '154', '155', '151', '84', '85', '152', '87', '86', '153']",EPLNight_58,HEVC,SFR,396p,900
247,TNFNFL_AVC_SFR_540p_1800K_4211,"[43, 26, 44, 40, 31, 31, 43, 34, 35, 34, 81, 23, 38, 49, 40, 72, 53, 53, 63, 39, 30, 52, 52, 73, 58, 56, 57, 22, 83, 55]","['74', '61', '88', '63', '77', '76', '158', '66', '72', '73', '67', '159', '71', '64', '70', '157', '82', '69', '68', '83', '156', '154', '155', '151', '84', '85', '152', '87', '86', '153']",TNFNFL_4211,AVC,SFR,540p,1800
248,EPLNight_AVC_SFR_720p_2000K_58,"[45, 47, 96, 63, 74, 40, 55, 60, 64, 57, 44, 95, 91, 65, 82, 37, 73, 63, 68, 58, 60, 60, 91, 71, 63, 67, 29, 57, 60, 77, 87]","['74', '61', '88', '63', '77', '76', '158', '66', '72', '73', '67', '159', '71', '64', '70', '157', '82', '69', '68', '83', '156', '154', '155', '151', '84', '85', '152', '87', '86', '153']",EPLNight_58,AVC,SFR,720p,2000
249,TNFNFL_AVC_SFR_720p_2000K_4211,"[44, 42, 72, 58, 46, 33, 53, 39, 43, 45, 49, 35, 55, 61, 41, 50, 84, 70, 57, 28, 14, 12, 51, 66, 55, 50, 58, 23, 61, 50]","['74', '61', '88', '63', '77', '76', '158', '66', '72', '73', '67', '159', '71', '64', '70', '157', '82', '69', '68', '83', '156', '154', '155', '151', '84', '85', '152', '87', '86', '153']",TNFNFL_4211,AVC,SFR,720p,2000
